window,r2,mse,step
W2015,0.5785377770407211,0.03675600399160035,AR(1) T=10yr
W2016,0.5340808752842824,0.04045870918368957,AR(1) T=10yr
W2017,0.5845269409036774,0.03540256611129542,AR(1) T=10yr
W2018,0.636960589587854,0.030371729931209984,AR(1) T=10yr
W2019,0.6292022563012416,0.03208343806425189,AR(1) T=10yr
W2020,0.6894439009249047,0.027707863621852638,AR(1) T=10yr
W2021,0.535683390640144,0.04054131437104875,AR(1) T=10yr
W2022,0.689256941895037,0.027456857322655126,AR(1) T=10yr
W2023,0.6645707528598634,0.02930493071520643,AR(1) T=10yr
W2024,0.684225331616084,0.027685412823753905,AR(1) T=10yr
W2015,-0.12854371724545777,0.09842105677826636,"S0: baseline (T=10,K=3,Schur,full-demean)"
W2016,0.2766443790803792,0.06281355100207772,"S0: baseline (T=10,K=3,Schur,full-demean)"
W2017,0.2921367851496455,0.060317206405635745,"S0: baseline (T=10,K=3,Schur,full-demean)"
W2018,0.021296538536990428,0.08187793490670679,"S0: baseline (T=10,K=3,Schur,full-demean)"
W2019,0.4051232193381089,0.05147197541669195,"S0: baseline (T=10,K=3,Schur,full-demean)"
W2020,0.4427929111435319,0.04971410342010784,"S0: baseline (T=10,K=3,Schur,full-demean)"
W2021,0.31642242153365296,0.05968585432214445,"S0: baseline (T=10,K=3,Schur,full-demean)"
W2022,0.31207975302614266,0.060783749074603065,"S0: baseline (T=10,K=3,Schur,full-demean)"
W2023,0.32514179438163615,0.05895929805421031,"S0: baseline (T=10,K=3,Schur,full-demean)"
W2024,0.40055339327751693,0.052556232131746615,"S0: baseline (T=10,K=3,Schur,full-demean)"
W2015,0.3939473522481398,0.05285425911598159,S1: +EWM demean
W2016,0.3825330953556113,0.05361856296584331,S1: +EWM demean
W2017,0.024143545182620185,0.08315297923757109,S1: +EWM demean
W2018,0.4427649473776669,0.04661805864888232,S1: +EWM demean
W2019,0.4688829716312314,0.045955134771215045,S1: +EWM demean
W2020,-11.979231485482169,1.158009058547695,S1: +EWM demean
W2021,0.24311635120410113,0.06608649643278079,S1: +EWM demean
W2022,0.32006488144015033,0.060078193388488806,S1: +EWM demean
W2023,0.3445891474990961,0.05726027108932784,S1: +EWM demean
W2024,0.44640611342574377,0.04853611394781322,S1: +EWM demean
W2015,-15577.586213585242,1358.6189837596758,"S2: +T=5yr,K=5"
W2016,0.21942662197776197,0.0677821313241889,"S2: +T=5yr,K=5"
W2017,-0.18957619655206948,0.10136409334087373,"S2: +T=5yr,K=5"
W2018,0.41845907771135593,0.04865147785372931,"S2: +T=5yr,K=5"
W2019,-0.3019602240491406,0.11265268173890448,"S2: +T=5yr,K=5"
W2020,0.44012650614003557,0.04995200049061308,"S2: +T=5yr,K=5"
W2021,-192.7658924164594,16.91846425582911,"S2: +T=5yr,K=5"
W2022,0.4188989887830975,0.05134533866125415,"S2: +T=5yr,K=5"
W2023,0.35984637252424145,0.055927316595704324,"S2: +T=5yr,K=5"
W2024,0.4853801553631921,0.0451190810174304,"S2: +T=5yr,K=5"
W2015,0.4832820021310529,0.045063324202221054,S3: +spherical R
W2016,0.27085702048242133,0.06331610401189325,S3: +spherical R
W2017,0.34191455615006117,0.05607562974950272,S3: +spherical R
W2018,0.5196888413636147,0.04018263685611911,S3: +spherical R
W2019,0.5160046016804601,0.04187791497993377,S3: +spherical R
W2020,0.5635212013731968,0.038942706526131146,S3: +spherical R
W2021,0.29421481842211006,0.06162488773388005,S3: +spherical R
W2022,0.464451824691985,0.047320348613784875,S3: +spherical R
W2023,0.39679230133715915,0.052699518503252454,S3: +spherical R
W2024,0.5441096353957164,0.039969998261849674,S3: +spherical R
W2015,0.4862291519272147,0.04480630128588241,S4: +DMD
W2016,0.21661096004423397,0.06802663308701673,S4: +DMD
W2017,0.38862132752408196,0.05209573376055346,S4: +DMD
W2018,0.6007327597688337,0.03340253549033092,S4: +DMD
W2019,0.5182130365804802,0.04168682917766608,S4: +DMD
W2020,0.6225929110993427,0.03367231936620635,S4: +DMD
W2021,0.38061911641066104,0.05408058770853084,S4: +DMD
W2022,0.4981749866505756,0.044340613355940264,S4: +DMD
W2023,0.44910050748372166,0.048129587973845346,S4: +DMD
W2024,0.5598614401476207,0.03858896532622027,S4: +DMD
W2015,0.5413215153509104,0.04000165920980312,"S5: +online Q,K=8"
W2016,0.41223161234740535,0.051039652596171325,"S5: +online Q,K=8"
W2017,0.44269021600178005,0.047488509881682926,"S5: +online Q,K=8"
W2018,0.6360076008730775,0.03045145658083136,"S5: +online Q,K=8"
W2019,0.5500879041866049,0.03892884222109454,"S5: +online Q,K=8"
W2020,0.6498839457801258,0.03123740899321271,"S5: +online Q,K=8"
W2021,0.416300539534013,0.05096510193246829,"S5: +online Q,K=8"
W2022,0.5861362968356496,0.03656846501449735,"S5: +online Q,K=8"
W2023,0.48406989963838853,0.04507447091717062,"S5: +online Q,K=8"
W2024,0.5839058688397587,0.0364808800328052,"S5: +online Q,K=8"
W2015,0.5611894202811274,0.03826896585524274,"S6: +F=0.99I,Q0=0.5I"
W2016,0.4324295684786513,0.04928573611180805,"S6: +F=0.99I,Q0=0.5I"
W2017,0.4783409996179042,0.0444506974501512,"S6: +F=0.99I,Q0=0.5I"
W2018,0.6519201629803761,0.029120218084471378,"S6: +F=0.99I,Q0=0.5I"
W2019,0.558463570171982,0.038204134033260964,"S6: +F=0.99I,Q0=0.5I"
W2020,0.6590063196313591,0.030423509374656484,"S6: +F=0.99I,Q0=0.5I"
W2021,0.4394229998381821,0.048946188731159794,"S6: +F=0.99I,Q0=0.5I"
W2022,0.6010106494756244,0.03525418632813424,"S6: +F=0.99I,Q0=0.5I"
W2023,0.493301049532024,0.04426798725374202,"S6: +F=0.99I,Q0=0.5I"
W2024,0.6109152750592507,0.03411284156683815,"S6: +F=0.99I,Q0=0.5I"
W2015,0.667224713244255,0.029021556623550347,S7: +rolling basis
W2016,0.6106448387499933,0.03381017520539475,S7: +rolling basis
W2017,0.6636484352645778,0.02866060324845944,S7: +rolling basis
W2018,0.688546493577605,0.026056074111762265,S7: +rolling basis
W2019,0.6822814549002786,0.02749073703062358,S7: +rolling basis
W2020,0.7639607221069933,0.02105946120761435,S7: +rolling basis
W2021,0.6446811466094398,0.03102429042356959,S7: +rolling basis
W2022,0.7524281080005502,0.021875134257810507,S7: +rolling basis
W2023,0.6878494909498816,0.02727117303700249,S7: +rolling basis
W2024,0.7497297324502256,0.021942341702352233,S7: +rolling basis
