date,ivol
2007-01-02,14.176
2007-01-03,15.9129
2007-01-04,16.1744
2007-01-05,15.3456
2007-01-08,15.7875
2007-01-09,16.6045
2007-01-10,16.9467
2007-01-11,16.0762
2007-01-15,15.8517
2007-01-16,16.2142
2007-01-17,16.4076
2007-01-19,16.0052
2007-01-22,16.186
2007-01-23,16.2929
2007-01-24,15.7378
2007-01-25,15.9232
2007-01-26,16.0538
2007-01-29,15.9529
2007-01-30,15.6302
2007-01-31,15.8878
2007-02-01,15.5118
2007-02-02,15.2463
2007-02-05,15.2865
2007-02-06,15.3513
2007-02-07,15.3036
2007-02-08,15.5887
2007-02-09,15.4338
2007-02-12,15.8684
2007-02-13,15.6412
2007-02-14,15.2779
2007-02-15,15.2977
2007-02-16,15.2038
2007-02-19,15.0214
2007-02-20,15.2776
2007-02-21,15.4093
2007-02-22,15.3827
2007-02-23,13.6743
2007-02-26,13.4635
2007-02-27,15.7526
2007-02-28,16.825
2007-03-01,17.9995
2007-03-02,17.8137
2007-03-05,18.1935
2007-03-06,17.7714
2007-03-07,17.2919
2007-03-08,16.5604
2007-03-09,16.5225
2007-03-12,17.2071
2007-03-13,18.1112
2007-03-14,19.9668
2007-03-15,18.8235
2007-03-16,18.0617
2007-03-19,17.5853
2007-03-20,16.9923
2007-03-21,16.9514
2007-03-22,16.1939
2007-03-23,16.0563
2007-03-26,16.7845
2007-03-27,16.8107
2007-03-28,17.3346
2007-03-29,16.679
2007-03-30,16.5663
2007-04-02,16.5615
2007-04-03,15.9219
2007-04-04,15.6462
2007-04-05,15.6021
2007-04-10,15.4974
2007-04-11,15.9244
2007-04-12,16.0328
2007-04-13,15.0394
2007-04-16,15.711
2007-04-17,15.8522
2007-04-18,15.8239
2007-04-19,16.2501
2007-04-20,15.6527
2007-04-23,15.9085
2007-04-24,16.3007
2007-04-25,15.86
2007-04-26,15.8565
2007-04-27,16.0535
2007-04-30,15.9331
2007-05-02,15.8314
2007-05-03,15.7666
2007-05-04,15.401
2007-05-07,15.2499
2007-05-08,15.6492
2007-05-09,15.508
2007-05-10,15.6571
2007-05-11,15.6387
2007-05-14,16.0645
2007-05-15,15.869
2007-05-16,16.0415
2007-05-17,15.9114
2007-05-18,14.8494
2007-05-21,14.9175
2007-05-22,14.7014
2007-05-23,14.3479
2007-05-24,14.9559
2007-05-25,14.7986
2007-05-28,14.7662
2007-05-29,14.886
2007-05-30,15.1204
2007-05-31,14.6061
2007-06-01,14.2599
2007-06-04,15.052
2007-06-05,15.3136
2007-06-06,16.4783
2007-06-07,17.19
2007-06-08,16.9863
2007-06-11,16.5124
2007-06-12,16.8974
2007-06-13,16.5388
2007-06-14,15.4577
2007-06-15,15.0354
2007-06-18,15.5883
2007-06-19,15.5268
2007-06-20,15.3421
2007-06-21,15.9599
2007-06-22,16.1407
2007-06-25,16.5285
2007-06-26,17.0261
2007-06-27,17.0268
2007-06-28,16.383
2007-06-29,15.8983
2007-07-02,16.3893
2007-07-03,15.8849
2007-07-04,15.8041
2007-07-05,16.3184
2007-07-06,15.8629
2007-07-09,15.7846
2007-07-10,16.7528
2007-07-11,16.8794
2007-07-12,16.0337
2007-07-13,15.9592
2007-07-16,16.1585
2007-07-17,16.5647
2007-07-18,17.4113
2007-07-19,16.7081
2007-07-20,17.752
2007-07-23,17.63
2007-07-24,18.5698
2007-07-25,19.3628
2007-07-26,20.89
2007-07-27,20.6226
2007-07-30,20.8617
2007-07-31,19.8238
2007-08-01,22.0304
2007-08-02,20.8883
2007-08-03,21.6578
2007-08-06,22.0779
2007-08-07,20.8113
2007-08-08,19.1414
2007-08-09,21.3515
2007-08-10,23.4158
2007-08-13,21.7077
2007-08-14,22.5439
2007-08-15,22.8098
2007-08-16,25.2955
2007-08-17,23.7609
2007-08-20,23.4458
2007-08-21,22.7409
2007-08-22,20.6806
2007-08-23,20.7309
2007-08-24,20.3505
2007-08-27,20.2825
2007-08-28,22.7344
2007-08-29,22.2213
2007-08-30,21.0463
2007-08-31,20.5229
2007-09-03,20.4645
2007-09-04,19.876
2007-09-05,21.3283
2007-09-06,21.4667
2007-09-07,23.4581
2007-09-10,24.2537
2007-09-11,22.9767
2007-09-12,22.7762
2007-09-13,21.8109
2007-09-14,22.2933
2007-09-17,23.9687
2007-09-18,22.6639
2007-09-19,19.3018
2007-09-20,19.4509
2007-09-21,18.4579
2007-09-24,18.0537
2007-09-25,18.5857
2007-09-26,17.8642
2007-09-27,17.6088
2007-09-28,18.0489
2007-10-01,18.0901
2007-10-02,17.9021
2007-10-03,18.3399
2007-10-04,18.2933
2007-10-05,17.494
2007-10-08,17.2239
2007-10-09,16.704
2007-10-10,16.9696
2007-10-11,16.9338
2007-10-12,17.4347
2007-10-15,18.2488
2007-10-16,18.7825
2007-10-17,18.3203
2007-10-18,19.0964
2007-10-19,19.1916
2007-10-22,20.7368
2007-10-23,19.8809
2007-10-24,20.281
2007-10-25,19.0105
2007-10-26,18.465
2007-10-29,18.1103
2007-10-30,18.6327
2007-10-31,17.8771
2007-11-01,18.6462
2007-11-02,19.5757
2007-11-05,20.3063
2007-11-06,19.2877
2007-11-07,19.9292
2007-11-08,21.0715
2007-11-09,22.6781
2007-11-12,22.3357
2007-11-13,21.7625
2007-11-14,20.8036
2007-11-15,21.5687
2007-11-16,21.7779
2007-11-19,23.4163
2007-11-20,22.2056
2007-11-21,23.982
2007-11-22,23.2145
2007-11-23,22.0061
2007-11-26,23.3671
2007-11-27,23.6222
2007-11-28,21.7307
2007-11-29,21.5297
2007-11-30,19.9483
2007-12-03,20.3006
2007-12-04,20.968
2007-12-05,19.4508
2007-12-06,19.3599
2007-12-07,18.6072
2007-12-10,18.454
2007-12-11,18.6871
2007-12-12,18.2944
2007-12-13,20.4209
2007-12-14,20.5059
2007-12-17,21.698
2007-12-18,21.4965
2007-12-19,21.2912
2007-12-20,20.5523
2007-12-21,18.7269
2007-12-24,18.7154
2007-12-27,18.5684
2007-12-28,18.4742
2007-12-31,19.1942
2008-01-02,20.2637
2008-01-03,20.0893
2008-01-04,21.5338
2008-01-07,21.8119
2008-01-08,21.1667
2008-01-09,22.1365
2008-01-10,22.1709
2008-01-11,22.188
2008-01-14,21.7279
2008-01-15,23.2169
2008-01-16,23.4274
2008-01-17,24.1346
2008-01-18,24.6881
2008-01-21,28.936
2008-01-22,27.2387
2008-01-23,30.6718
2008-01-24,26.9252
2008-01-25,27.0226
2008-01-28,26.7255
2008-01-29,25.2925
2008-01-30,25.9559
2008-01-31,25.3705
2008-02-01,23.5481
2008-02-04,23.6757
2008-02-05,26.9901
2008-02-06,26.1613
2008-02-07,27.625
2008-02-08,27.727
2008-02-11,28.0074
2008-02-12,25.8469
2008-02-13,25.1723
2008-02-14,25.0778
2008-02-15,26.1908
2008-02-18,25.0576
2008-02-19,25.0425
2008-02-20,26.1311
2008-02-21,25.2429
2008-02-22,26.0131
2008-02-25,25.0122
2008-02-26,24.0301
2008-02-27,24.0998
2008-02-28,25.1147
2008-02-29,26.6418
2008-03-03,27.4663
2008-03-04,28.551
2008-03-05,26.8039
2008-03-06,28.0354
2008-03-07,28.6548
2008-03-10,29.1426
2008-03-11,27.6449
2008-03-12,26.5612
2008-03-13,27.8044
2008-03-14,27.9129
2008-03-17,31.5176
2008-03-18,28.6416
2008-03-19,28.5332
2008-03-20,28.0973
2008-03-25,26.5603
2008-03-26,26.4621
2008-03-27,25.0637
2008-03-28,24.8055
2008-03-31,25.1541
2008-04-01,22.8775
2008-04-02,22.2029
2008-04-03,22.8545
2008-04-04,22.2147
2008-04-07,21.7959
2008-04-08,22.1245
2008-04-09,22.4519
2008-04-10,22.3439
2008-04-11,22.9416
2008-04-14,23.4907
2008-04-15,22.9297
2008-04-16,21.6046
2008-04-17,21.5511
2008-04-18,19.9577
2008-04-21,20.9765
2008-04-22,21.3416
2008-04-23,19.9919
2008-04-24,20.2925
2008-04-25,19.6075
2008-04-28,19.2999
2008-04-29,19.7332
2008-04-30,19.279
2008-05-02,18.1548
2008-05-05,18.2705
2008-05-06,18.4044
2008-05-07,18.0204
2008-05-08,18.5177
2008-05-09,19.305
2008-05-12,19.3669
2008-05-13,19.3789
2008-05-14,18.7498
2008-05-15,18.8018
2008-05-16,18.116
2008-05-19,17.4921
2008-05-20,18.5992
2008-05-21,19.0456
2008-05-22,19.114
2008-05-23,20.1881
2008-05-26,20.3481
2008-05-27,20.408
2008-05-28,19.8677
2008-05-29,19.75
2008-05-30,19.2413
2008-06-02,20.5189
2008-06-03,20.0556
2008-06-04,20.8663
2008-06-05,20.7291
2008-06-06,21.892
2008-06-09,22.5355
2008-06-10,22.9265
2008-06-11,23.5268
2008-06-12,22.5938
2008-06-13,21.4871
2008-06-16,21.6814
2008-06-17,20.9841
2008-06-18,21.7721
2008-06-19,21.6877
2008-06-20,22.4151
2008-06-23,22.0286
2008-06-24,22.1154
2008-06-25,20.9818
2008-06-26,22.1817
2008-06-27,22.5749
2008-06-30,21.8995
2008-07-01,22.9216
2008-07-02,23.2129
2008-07-03,22.5912
2008-07-04,23.5502
2008-07-07,22.6471
2008-07-08,23.5137
2008-07-09,22.387
2008-07-10,24.0736
2008-07-11,25.542
2008-07-14,24.8716
2008-07-15,25.8926
2008-07-16,25.0699
2008-07-17,23.4568
2008-07-18,22.4641
2008-07-21,22.4158
2008-07-22,22.1534
2008-07-23,21.1369
2008-07-24,21.8301
2008-07-25,21.5686
2008-07-28,22.2771
2008-07-29,22.1634
2008-07-30,21.1975
2008-07-31,21.3653
2008-08-01,22.3991
2008-08-04,22.645
2008-08-05,21.0622
2008-08-06,20.4452
2008-08-07,20.8611
2008-08-08,20.9073
2008-08-11,20.605
2008-08-12,21.0426
2008-08-13,22.4859
2008-08-14,22.2088
2008-08-15,21.7132
2008-08-18,21.4609
2008-08-19,22.6552
2008-08-20,22.0545
2008-08-21,22.3895
2008-08-22,21.3216
2008-08-25,22.0128
2008-08-26,21.6954
2008-08-27,21.6845
2008-08-28,20.7692
2008-08-29,20.5593
2008-09-01,20.9959
2008-09-02,20.5934
2008-09-03,21.6299
2008-09-04,23.884
2008-09-05,25.2939
2008-09-08,23.821
2008-09-09,24.2307
2008-09-10,24.6598
2008-09-11,24.9743
2008-09-12,24.0273
2008-09-15,26.6452
2008-09-16,28.5024
2008-09-17,29.9907
2008-09-18,29.9644
2008-09-19,26.1942
2008-09-22,26.7042
2008-09-23,27.6879
2008-09-24,28.0851
2008-09-25,27.472
2008-09-26,29.68
2008-09-29,32.5573
2008-09-30,32.701
2008-10-01,33.4881
2008-10-02,34.2348
2008-10-03,32.8431
2008-10-06,39.5823
2008-10-07,38.4197
2008-10-08,45.5031
2008-10-09,44.5444
2008-10-10,55.9432
2008-10-13,46.6965
2008-10-14,37.1912
2008-10-15,48.622
2008-10-16,61.2892
2008-10-17,54.7387
2008-10-20,47.2262
2008-10-21,43.4346
2008-10-22,46.2958
2008-10-23,47.0813
2008-10-24,52.8175
2008-10-27,54.1893
2008-10-28,52.5506
2008-10-29,49.4818
2008-10-30,48.2004
2008-10-31,45.6516
2008-11-03,42.3323
2008-11-04,35.9199
2008-11-05,37.4068
2008-11-06,43.967
2008-11-07,41.7996
2008-11-10,40.9108
2008-11-11,46.015
2008-11-12,49.4013
2008-11-13,47.7227
2008-11-14,47.2565
2008-11-17,50.6433
2008-11-18,49.3623
2008-11-19,52.1013
2008-11-20,55.0709
2008-11-21,57.3091
2008-11-24,50.3332
2008-11-25,48.1205
2008-11-26,47.319
2008-11-27,44.0529
2008-11-28,43.539
2008-12-01,48.4289
2008-12-02,46.7146
2008-12-03,46.0123
2008-12-04,45.8536
2008-12-05,49.4438
2008-12-08,44.911
2008-12-09,43.8513
2008-12-10,43.3353
2008-12-11,43.0607
2008-12-12,45.5944
2008-12-15,46.0522
2008-12-16,44.8334
2008-12-17,44.6599
2008-12-18,43.3903
2008-12-19,39.5849
2008-12-22,39.0259
2008-12-23,38.3571
2008-12-24,38.1142
2008-12-29,38.9489
2008-12-30,38.6102
2008-12-31,38.0754
2009-01-02,36.1221
2009-01-05,35.7762
2009-01-06,34.7476
2009-01-07,35.8763
2009-01-08,36.4519
2009-01-09,36.5498
2009-01-12,38.0038
2009-01-13,39.701
2009-01-14,44.3392
2009-01-15,45.6598
2009-01-16,43.3508
2009-01-19,43.471
2009-01-20,45.8683
2009-01-21,45.4829
2009-01-22,44.1228
2009-01-23,43.6202
2009-01-26,40.2409
2009-01-27,38.9134
2009-01-28,36.5501
2009-01-29,37.58
2009-01-30,38.4899
2009-02-02,39.7338
2009-02-03,37.9981
2009-02-04,35.7999
2009-02-05,36.1441
2009-02-06,34.8947
2009-02-09,34.8035
2009-02-10,36.9908
2009-02-11,36.8204
2009-02-12,38.0064
2009-02-13,36.74
2009-02-16,37.855
2009-02-17,39.7135
2009-02-18,39.9579
2009-02-19,38.8647
2009-02-20,41.6638
2009-02-23,41.4712
2009-02-24,42.0596
2009-02-25,41.4248
2009-02-26,37.9393
2009-02-27,38.4852
2009-03-02,41.164
2009-03-03,41.1564
2009-03-04,38.2782
2009-03-05,40.1651
2009-03-06,41.4853
2009-03-09,41.5452
2009-03-10,38.7539
2009-03-11,38.6925
2009-03-12,39.1176
2009-03-13,38.9655
2009-03-16,38.4825
2009-03-17,38.6287
2009-03-18,39.0849
2009-03-19,39.0793
2009-03-20,39.3675
2009-03-23,37.8497
2009-03-24,37.2403
2009-03-25,36.7439
2009-03-26,36.5287
2009-03-27,37.073
2009-03-30,40.5739
2009-03-31,38.7207
2009-04-01,37.9926
2009-04-02,36.9532
2009-04-03,36.6505
2009-04-06,36.7956
2009-04-07,36.6875
2009-04-08,35.8126
2009-04-09,34.6197
2009-04-14,35.1443
2009-04-15,35.0992
2009-04-16,34.1907
2009-04-17,32.9002
2009-04-20,35.1081
2009-04-21,35.0559
2009-04-22,34.577
2009-04-23,34.4094
2009-04-24,33.0148
2009-04-27,33.0808
2009-04-28,34.5189
2009-04-29,33.0232
2009-04-30,32.7009
2009-05-04,32.3455
2009-05-05,32.3472
2009-05-06,31.412
2009-05-07,32.284
2009-05-08,30.8131
2009-05-11,32.0302
2009-05-12,31.5937
2009-05-13,32.439
2009-05-14,32.5335
2009-05-15,30.8452
2009-05-18,29.7361
2009-05-19,28.6979
2009-05-20,27.6016
2009-05-21,29.7949
2009-05-22,29.0053
2009-05-25,29.3829
2009-05-26,29.1202
2009-05-27,28.3706
2009-05-28,28.8959
2009-05-29,28.8254
2009-06-01,27.8282
2009-06-02,27.4585
2009-06-03,28.4926
2009-06-04,28.3744
2009-06-05,27.6799
2009-06-08,28.267
2009-06-09,27.8192
2009-06-10,27.3809
2009-06-11,26.1699
2009-06-12,25.9507
2009-06-15,28.4364
2009-06-16,28.3912
2009-06-17,30.1159
2009-06-18,29.2126
2009-06-19,28.1072
2009-06-22,30.4388
2009-06-23,30.2886
2009-06-24,28.3761
2009-06-25,28.5812
2009-06-26,28.6214
2009-06-29,27.2091
2009-06-30,27.7697
2009-07-01,26.3604
2009-07-02,28.2678
2009-07-03,28.6117
2009-07-06,29.8945
2009-07-07,30.3142
2009-07-08,31.1079
2009-07-09,30.0271
2009-07-10,30.2608
2009-07-13,29.038
2009-07-14,28.172
2009-07-15,26.6693
2009-07-16,26.2626
2009-07-17,25.6361
2009-07-20,24.9647
2009-07-21,24.9966
2009-07-22,24.991
2009-07-23,24.2846
2009-07-24,24.5872
2009-07-27,24.6542
2009-07-28,25.2155
2009-07-29,24.8851
2009-07-30,24.2255
2009-07-31,25.0566
2009-08-03,25.2411
2009-08-04,25.2182
2009-08-05,24.9619
2009-08-06,24.5489
2009-08-07,23.8883
2009-08-10,24.3448
2009-08-11,25.1082
2009-08-12,24.7612
2009-08-13,24.304
2009-08-14,25.1154
2009-08-17,27.5809
2009-08-18,26.6748
2009-08-19,26.6982
2009-08-20,25.4265
2009-08-21,24.233
2009-08-24,23.9253
2009-08-25,24.0852
2009-08-26,24.4936
2009-08-27,24.7582
2009-08-28,24.5406
2009-08-31,25.5205
2009-09-01,26.7372
2009-09-02,26.8835
2009-09-03,26.8276
2009-09-04,25.6441
2009-09-07,25.0339
2009-09-08,24.6948
2009-09-09,24.2635
2009-09-10,24.2205
2009-09-11,23.8118
2009-09-14,24.3861
2009-09-15,24.2526
2009-09-16,23.4978
2009-09-17,23.529
2009-09-18,23.4519
2009-09-21,23.9142
2009-09-22,23.719
2009-09-23,23.5083
2009-09-24,24.5347
2009-09-25,24.6067
2009-09-28,24.0724
2009-09-29,23.9432
2009-09-30,23.9929
2009-10-01,25.1972
2009-10-02,26.0192
2009-10-05,25.7019
2009-10-06,24.1174
2009-10-07,24.1251
2009-10-08,23.5006
2009-10-09,23.5061
2009-10-12,23.1761
2009-10-13,23.7459
2009-10-14,22.9173
2009-10-15,22.9826
2009-10-16,23.6238
2009-10-19,22.7213
2009-10-20,22.4285
2009-10-21,22.1266
2009-10-22,22.6289
2009-10-23,22.4018
2009-10-26,23.4065
2009-10-27,23.56
2009-10-28,24.6038
2009-10-29,23.9994
2009-10-30,25.6845
2009-11-02,25.7931
2009-11-03,26.5409
2009-11-04,25.164
2009-11-05,24.4817
2009-11-06,24.1088
2009-11-09,22.9097
2009-11-10,22.853
2009-11-11,23.1279
2009-11-12,23.121
2009-11-13,23.0743
2009-11-16,22.7779
2009-11-17,23.1135
2009-11-18,22.7789
2009-11-19,23.7031
2009-11-20,24.1668
2009-11-23,23.1589
2009-11-24,23.2367
2009-11-25,22.746
2009-11-26,25.7447
2009-11-27,25.0185
2009-11-30,25.9565
2009-12-01,24.5091
2009-12-02,24.2175
2009-12-03,24.1499
2009-12-04,23.6113
2009-12-07,24.0155
2009-12-08,24.9509
2009-12-09,25.7501
2009-12-10,25.1616
2009-12-11,24.6
2009-12-14,24.2499
2009-12-15,23.8971
2009-12-16,23.2212
2009-12-17,23.5961
2009-12-18,23.8384
2009-12-21,22.9572
2009-12-22,22.268
2009-12-23,21.9903
2009-12-24,22.0903
2009-12-28,21.7472
2009-12-29,21.5184
2009-12-30,22.0268
2009-12-31,22.3622
2010-01-04,21.3083
2010-01-05,21.0538
2010-01-06,20.7528
2010-01-07,20.7258
2010-01-08,20.1277
2010-01-11,20.3537
2010-01-12,20.7952
2010-01-13,20.6728
2010-01-14,20.1229
2010-01-15,21.0053
2010-01-18,19.8159
2010-01-19,19.4056
2010-01-20,20.8119
2010-01-21,21.9517
2010-01-22,22.5096
2010-01-25,22.9264
2010-01-26,22.0118
2010-01-27,22.772
2010-01-28,23.1577
2010-01-29,22.4405
2010-02-01,22.0744
2010-02-02,21.1737
2010-02-03,21.33
2010-02-04,22.9742
2010-02-05,24.6648
2010-02-08,24.0145
2010-02-09,24.0842
2010-02-10,23.9688
2010-02-11,24.0546
2010-02-12,23.8193
2010-02-15,23.8436
2010-02-16,22.8175
2010-02-17,22.151
2010-02-18,21.6794
2010-02-19,21.1368
2010-02-22,21.1253
2010-02-23,21.74
2010-02-24,21.5501
2010-02-25,22.0694
2010-02-26,21.0819
2010-03-01,20.645
2010-03-02,20.1122
2010-03-03,19.7307
2010-03-04,19.9098
2010-03-05,18.8191
2010-03-08,19.2292
2010-03-09,19.1925
2010-03-10,18.8748
2010-03-11,19.1861
2010-03-12,19.3094
2010-03-15,20.2499
2010-03-16,19.6312
2010-03-17,19.3782
2010-03-18,19.3581
2010-03-19,19.3628
2010-03-22,19.6184
2010-03-23,19.1532
2010-03-24,19.2585
2010-03-25,18.4414
2010-03-26,18.5347
2010-03-29,18.5605
2010-03-30,18.6417
2010-03-31,18.8986
2010-04-01,18.1904
2010-04-06,18.3085
2010-04-07,18.6448
2010-04-08,19.4004
2010-04-09,18.5668
2010-04-12,18.6138
2010-04-13,18.7829
2010-04-14,18.6361
2010-04-15,18.6813
2010-04-16,19.8189
2010-04-19,20.0672
2010-04-20,19.0728
2010-04-21,19.5384
2010-04-22,20.4806
2010-04-23,20.0935
2010-04-26,19.904
2010-04-27,22.5422
2010-04-28,24.8448
2010-04-29,23.2218
2010-04-30,23.3922
2010-05-03,22.9294
2010-05-04,25.303
2010-05-05,26.0368
2010-05-06,27.6678
2010-05-07,34.0689
2010-05-10,26.5161
2010-05-11,26.8227
2010-05-12,24.2092
2010-05-13,23.3175
2010-05-14,28.8361
2010-05-17,28.6246
2010-05-18,26.6641
2010-05-19,31.4382
2010-05-20,33.6727
2010-05-21,32.9099
2010-05-24,30.8359
2010-05-25,32.9103
2010-05-26,29.2912
2010-05-27,26.1737
2010-05-28,26.2418
2010-05-31,26.709
2010-06-01,27.6273
2010-06-02,27.7613
2010-06-03,26.4546
2010-06-04,29.8353
2010-06-07,31.5082
2010-06-08,32.197
2010-06-09,29.4374
2010-06-10,27.5048
2010-06-11,26.6299
2010-06-14,25.0833
2010-06-15,24.4544
2010-06-16,24.571
2010-06-17,24.7386
2010-06-18,24.0754
2010-06-21,23.1963
2010-06-22,23.7907
2010-06-23,25.2965
2010-06-24,27.0769
2010-06-25,28.1681
2010-06-28,26.8546
2010-06-29,29.9673
2010-06-30,29.8419
2010-07-01,32.2712
2010-07-02,31.0596
2010-07-05,31.003
2010-07-06,29.5511
2010-07-07,28.8349
2010-07-08,27.7872
2010-07-09,27.1545
2010-07-12,27.4512
2010-07-13,26.1158
2010-07-14,26.7598
2010-07-15,28.0758
2010-07-16,29.3106
2010-07-19,28.8662
2010-07-20,28.5242
2010-07-21,27.694
2010-07-22,26.1239
2010-07-23,26.3256
2010-07-26,25.6393
2010-07-27,24.503
2010-07-28,24.2956
2010-07-29,24.6151
2010-07-30,24.9163
2010-08-02,23.6552
2010-08-03,23.6175
2010-08-04,23.1776
2010-08-05,23.2015
2010-08-06,24.6399
2010-08-09,23.6178
2010-08-10,24.8038
2010-08-11,26.772
2010-08-12,26.6169
2010-08-13,26.9204
2010-08-16,27.2226
2010-08-17,25.7603
2010-08-18,25.4764
2010-08-19,26.8898
2010-08-20,27.5424
2010-08-23,26.7662
2010-08-24,27.9987
2010-08-25,28.3823
2010-08-26,27.9282
2010-08-27,26.983
2010-08-30,27.2229
2010-08-31,27.5549
2010-09-01,24.8828
2010-09-02,24.4302
2010-09-03,23.4087
2010-09-06,23.181
2010-09-07,24.0504
2010-09-08,23.5805
2010-09-09,23.085
2010-09-10,23.2276
2010-09-13,22.5281
2010-09-14,22.4861
2010-09-15,22.9427
2010-09-16,23.3218
2010-09-17,23.7957
2010-09-20,23.1475
2010-09-21,23.3861
2010-09-22,24.063
2010-09-23,24.2904
2010-09-24,22.874
2010-09-27,23.2758
2010-09-28,23.3891
2010-09-29,23.7927
2010-09-30,24.3324
2010-10-01,24.6654
2010-10-04,25.0782
2010-10-05,23.7263
2010-10-06,23.18
2010-10-07,23.0657
2010-10-08,22.8003
2010-10-11,22.8124
2010-10-12,22.9913
2010-10-13,22.1698
2010-10-14,22.2995
2010-10-15,22.5353
2010-10-18,22.1501
2010-10-19,22.1479
2010-10-20,21.644
2010-10-21,20.786
2010-10-22,20.7208
2010-10-25,20.8857
2010-10-26,20.9498
2010-10-27,21.687
2010-10-28,21.2171
2010-10-29,21.2444
2010-11-01,21.6241
2010-11-02,21.0745
2010-11-03,21.7523
2010-11-04,19.7302
2010-11-05,19.9656
2010-11-08,20.0295
2010-11-09,19.338
2010-11-10,20.3866
2010-11-11,20.7376
2010-11-12,21.2682
2010-11-15,20.7921
2010-11-16,22.5259
2010-11-17,21.8979
2010-11-18,20.6596
2010-11-19,20.5899
2010-11-22,21.3907
2010-11-23,23.5792
2010-11-24,22.978
2010-11-25,22.7845
2010-11-26,24.0602
2010-11-29,25.7998
2010-11-30,26.8897
2010-12-01,25.4763
2010-12-02,23.6624
2010-12-03,22.9394
2010-12-06,23.3226
2010-12-07,22.4081
2010-12-08,21.8797
2010-12-09,21.5248
2010-12-10,21.3081
2010-12-13,20.7136
2010-12-14,20.4411
2010-12-15,20.538
2010-12-16,20.674
2010-12-17,20.7669
2010-12-20,20.4054
2010-12-21,19.9016
2010-12-22,19.9308
2010-12-23,20.2765
2010-12-24,20.6264
2010-12-27,21.7865
2010-12-28,21.7319
2010-12-29,21.295
2010-12-30,22.1886
2010-12-31,22.6031
2011-01-03,21.4882
2011-01-04,21.5199
2011-01-05,21.6434
2011-01-06,21.5422
2011-01-07,21.9658
2011-01-10,23.1435
2011-01-11,22.0494
2011-01-12,20.7337
2011-01-13,20.4637
2011-01-14,19.9734
2011-01-17,20.421
2011-01-18,19.8706
2011-01-19,20.21
2011-01-20,20.4353
2011-01-21,19.5006
2011-01-24,19.41
2011-01-25,19.4973
2011-01-26,19.3234
2011-01-27,19.2236
2011-01-28,19.8897
2011-01-31,19.8685
2011-02-01,19.2467
2011-02-02,19.4024
2011-02-03,19.9286
2011-02-04,19.2917
2011-02-07,18.7615
2011-02-08,18.4635
2011-02-09,18.3203
2011-02-10,18.7015
2011-02-11,18.4138
2011-02-14,18.9453
2011-02-15,18.5719
2011-02-16,17.724
2011-02-17,18.2878
2011-02-18,17.9171
2011-02-21,19.1607
2011-02-22,19.1344
2011-02-23,20.4168
2011-02-24,20.8922
2011-02-25,19.4056
2011-02-28,19.1046
2011-03-01,19.9672
2011-03-02,20.3391
2011-03-03,20.1689
2011-03-04,20.5882
2011-03-07,20.8176
2011-03-08,20.798
2011-03-09,20.6486
2011-03-10,21.031
2011-03-11,21.3884
2011-03-14,22.4872
2011-03-15,23.4657
2011-03-16,25.7766
2011-03-17,23.7599
2011-03-18,23.08
2011-03-21,21.2543
2011-03-22,21.118
2011-03-23,21.0786
2011-03-24,19.8754
2011-03-25,19.7293
2011-03-28,19.9389
2011-03-29,19.9469
2011-03-30,19.4938
2011-03-31,19.9011
2011-04-01,19.0402
2011-04-04,19.1744
2011-04-05,19.1653
2011-04-06,18.7599
2011-04-07,18.8213
2011-04-08,18.6901
2011-04-11,18.7012
2011-04-12,20.0713
2011-04-13,19.3934
2011-04-14,19.5024
2011-04-15,18.8953
2011-04-18,20.7097
2011-04-19,19.4297
2011-04-20,18.5673
2011-04-21,18.3793
2011-04-26,18.1995
2011-04-27,18.4133
2011-04-28,17.7503
2011-04-29,17.6997
2011-05-02,17.8492
2011-05-03,18.5959
2011-05-04,19.1771
2011-05-05,19.854
2011-05-06,18.7687
2011-05-09,20.0017
2011-05-10,19.3278
2011-05-11,19.2341
2011-05-12,19.8964
2011-05-13,19.7558
2011-05-16,19.8114
2011-05-17,20.3308
2011-05-18,19.7249
2011-05-19,19.1922
2011-05-20,19.4752
2011-05-23,20.4738
2011-05-24,20.0883
2011-05-25,19.8239
2011-05-26,19.8734
2011-05-27,18.9232
2011-05-30,19.163
2011-05-31,18.3592
2011-06-01,18.5317
2011-06-02,19.2174
2011-06-03,19.379
2011-06-06,19.9851
2011-06-07,19.4209
2011-06-08,19.624
2011-06-09,19.0421
2011-06-10,19.9521
2011-06-13,20.0345
2011-06-14,18.9761
2011-06-15,19.9887
2011-06-16,20.7402
2011-06-17,20.6377
2011-06-20,21.111
2011-06-21,20.106
2011-06-22,19.9545
2011-06-23,21.9042
2011-06-24,22.336
2011-06-27,22.3351
2011-06-28,21.606
2011-06-29,20.0921
2011-06-30,18.8149
2011-07-01,18.1697
2011-07-04,18.2425
2011-07-05,18.66
2011-07-06,19.2595
2011-07-07,18.4715
2011-07-08,19.6417
2011-07-11,21.9921
2011-07-12,22.308
2011-07-13,21.4082
2011-07-14,22.3464
2011-07-15,22.7757
2011-07-18,24.6023
2011-07-19,23.1122
2011-07-20,22.1173
2011-07-21,20.4455
2011-07-22,19.584
2011-07-25,20.4196
2011-07-26,20.6034
2011-07-27,21.7562
2011-07-28,21.8944
2011-07-29,21.9539
2011-08-01,23.1957
2011-08-02,23.6604
2011-08-03,24.4793
2011-08-04,26.7824
2011-08-05,28.6952
2011-08-08,32.4006
2011-08-09,34.2412
2011-08-10,34.7189
2011-08-11,34.1217
2011-08-12,32.2754
2011-08-15,30.1446
2011-08-16,30.1956
2011-08-17,27.9412
2011-08-18,32.8508
2011-08-19,34.0471
2011-08-22,33.9516
2011-08-23,34.0582
2011-08-24,32.0768
2011-08-25,33.3837
2011-08-26,33.3398
2011-08-29,30.6008
2011-08-30,30.0275
2011-08-31,27.7678
2011-09-01,27.7907
2011-09-02,30.9464
2011-09-05,35.1433
2011-09-06,35.8882
2011-09-07,35.9647
2011-09-08,32.5568
2011-09-09,32.6868
2011-09-12,39.5781
2011-09-13,39.7144
2011-09-14,40.308
2011-09-15,34.5402
2011-09-16,34.9654
2011-09-19,36.4907
2011-09-20,35.0275
2011-09-21,35.5001
2011-09-22,38.5841
2011-09-23,38.3929
2011-09-26,38.4892
2011-09-27,35.3824
2011-09-28,36.3565
2011-09-29,35.7747
2011-09-30,37.2382
2011-10-03,38.847
2011-10-04,40.4146
2011-10-05,37.8149
2011-10-06,36.0165
2011-10-07,34.8638
2011-10-10,32.6031
2011-10-11,32.9638
2011-10-12,30.9849
2011-10-13,32.3635
2011-10-14,29.7435
2011-10-17,31.2281
2011-10-18,31.9329
2011-10-19,32.0994
2011-10-20,34.5437
2011-10-21,32.4548
2011-10-24,30.5291
2011-10-25,30.1397
2011-10-26,30.0597
2011-10-27,25.4657
2011-10-28,26.0351
2011-10-31,28.3683
2011-11-01,33.4543
2011-11-02,32.6018
2011-11-03,31.3834
2011-11-04,32.8318
2011-11-07,33.1818
2011-11-08,31.9593
2011-11-09,33.5867
2011-11-10,34.2815
2011-11-11,32.0709
2011-11-14,32.5193
2011-11-15,33.1047
2011-11-16,32.5314
2011-11-17,33.4535
2011-11-18,33.5684
2011-11-21,35.6886
2011-11-22,35.1132
2011-11-23,36.0197
2011-11-24,35.8429
2011-11-25,35.9381
2011-11-28,33.4197
2011-11-29,33.0424
2011-11-30,31.33
2011-12-01,31.4257
2011-12-02,30.5958
2011-12-05,30.0491
2011-12-06,30.7413
2011-12-07,31.3082
2011-12-08,32.6354
2011-12-09,30.8589
2011-12-12,32.0547
2011-12-13,31.4557
2011-12-14,32.179
2011-12-15,31.1304
2011-12-16,30.2197
2011-12-19,30.4731
2011-12-20,28.7716
2011-12-21,28.5514
2011-12-22,27.4016
2011-12-23,27.2978
2011-12-27,27.6444
2011-12-28,29.0484
2011-12-29,28.9175
2011-12-30,28.8278
2012-01-02,27.8987
2012-01-03,26.9535
2012-01-04,27.7545
2012-01-05,28.312
2012-01-06,27.9405
2012-01-09,27.6705
2012-01-10,25.9996
2012-01-11,26.1574
2012-01-12,25.9649
2012-01-13,26.3155
2012-01-16,25.6613
2012-01-17,25.4151
2012-01-18,25.3237
2012-01-19,24.6092
2012-01-20,24.2289
2012-01-23,23.6351
2012-01-24,23.5067
2012-01-25,23.3459
2012-01-26,22.259
2012-01-27,22.6971
2012-01-30,24.0642
2012-01-31,23.5902
2012-02-01,22.3852
2012-02-02,22.4132
2012-02-03,21.6117
2012-02-06,22.2944
2012-02-07,22.3616
2012-02-08,22.5574
2012-02-09,22.5931
2012-02-10,23.9571
2012-02-13,23.7795
2012-02-14,23.7016
2012-02-15,23.6927
2012-02-16,24.0926
2012-02-17,22.8241
2012-02-20,22.3899
2012-02-21,22.1616
2012-02-22,22.1653
2012-02-23,21.932
2012-02-24,21.0296
2012-02-27,21.9586
2012-02-28,21.634
2012-02-29,21.5737
2012-03-01,20.7873
2012-03-02,20.7166
2012-03-05,21.3465
2012-03-06,24.0276
2012-03-07,23.7756
2012-03-08,21.8475
2012-03-09,21.0733
2012-03-12,21.2197
2012-03-13,19.96
2012-03-14,20.0917
2012-03-15,19.8645
2012-03-16,19.8819
2012-03-19,19.7512
2012-03-20,20.3348
2012-03-21,20.0897
2012-03-22,20.7766
2012-03-23,20.5442
2012-03-26,20.0846
2012-03-27,20.6154
2012-03-28,21.1142
2012-03-29,22.2156
2012-03-30,21.0241
2012-04-02,19.8973
2012-04-03,20.7454
2012-04-04,23.0041
2012-04-05,22.7179
2012-04-10,25.3479
2012-04-11,25.3638
2012-04-12,24.351
2012-04-13,25.7581
2012-04-16,25.7334
2012-04-17,24.2487
2012-04-18,25.117
2012-04-19,25.824
2012-04-20,24.817
2012-04-23,26.6126
2012-04-24,25.1333
2012-04-25,24.306
2012-04-26,24.2253
2012-04-27,23.3127
2012-04-30,24.1114
2012-05-02,24.3141
2012-05-03,24.1173
2012-05-04,25.0314
2012-05-07,24.4097
2012-05-08,26.3603
2012-05-09,26.7599
2012-05-10,25.9678
2012-05-11,25.551
2012-05-14,27.2375
2012-05-15,27.7341
2012-05-16,27.9676
2012-05-17,28.959
2012-05-18,29.264
2012-05-21,28.2157
2012-05-22,26.7987
2012-05-23,28.935
2012-05-24,28.0678
2012-05-25,27.7583
2012-05-28,28.1171
2012-05-29,27.6578
2012-05-30,29.6874
2012-05-31,30.2094
2012-06-01,31.0873
2012-06-04,31.0943
2012-06-05,30.158
2012-06-06,27.9927
2012-06-07,27.628
2012-06-08,27.3857
2012-06-11,27.7691
2012-06-12,28.0983
2012-06-13,28.6809
2012-06-14,28.2332
2012-06-15,28.2696
2012-06-18,26.6584
2012-06-19,24.804
2012-06-20,24.5276
2012-06-21,23.8966
2012-06-22,24.249
2012-06-25,25.5942
2012-06-26,25.641
2012-06-27,24.7642
2012-06-28,25.119
2012-06-29,22.7267
2012-07-02,22.2184
2012-07-03,21.4894
2012-07-04,21.9763
2012-07-05,22.3347
2012-07-06,23.4417
2012-07-09,23.5798
2012-07-10,23.0307
2012-07-11,23.086
2012-07-12,23.0713
2012-07-13,22.2473
2012-07-16,22.1527
2012-07-17,22.013
2012-07-18,20.7465
2012-07-19,20.5065
2012-07-20,22.3981
2012-07-23,25.2477
2012-07-24,25.305
2012-07-25,24.7114
2012-07-26,23.0719
2012-07-27,22.6208
2012-07-30,22.6936
2012-07-31,23.5925
2012-08-01,23.3468
2012-08-02,23.5717
2012-08-03,21.1961
2012-08-06,21.2989
2012-08-07,20.7037
2012-08-08,20.9379
2012-08-09,20.6101
2012-08-10,20.5317
2012-08-13,20.8849
2012-08-14,20.5831
2012-08-15,20.9742
2012-08-16,21.1404
2012-08-17,20.608
2012-08-20,20.6283
2012-08-21,20.6308
2012-08-22,22.0078
2012-08-23,22.0128
2012-08-24,22.1279
2012-08-27,21.798
2012-08-28,22.242
2012-08-29,22.7166
2012-08-30,23.3335
2012-08-31,22.6952
2012-09-03,22.5726
2012-09-04,23.3607
2012-09-05,23.0197
2012-09-06,20.5847
2012-09-07,19.9319
2012-09-10,20.461
2012-09-11,20.3151
2012-09-12,20.0044
2012-09-13,20.5341
2012-09-14,19.0177
2012-09-17,19.2797
2012-09-18,19.515
2012-09-19,19.2681
2012-09-20,19.3852
2012-09-21,18.7786
2012-09-24,18.9702
2012-09-25,18.7317
2012-09-26,20.3148
2012-09-27,20.4307
2012-09-28,21.3454
2012-10-01,20.6031
2012-10-02,21.1641
2012-10-03,21.1435
2012-10-04,21.0745
2012-10-05,20.1062
2012-10-08,20.8604
2012-10-09,21.4573
2012-10-10,21.363
2012-10-11,20.5336
2012-10-12,20.7329
2012-10-15,20.3744
2012-10-16,19.498
2012-10-17,19.1756
2012-10-18,18.9788
2012-10-19,19.5025
2012-10-22,19.1385
2012-10-23,20.4338
2012-10-24,20.185
2012-10-25,20.2695
2012-10-26,19.9707
2012-10-29,20.4805
2012-10-30,19.4539
2012-10-31,19.7525
2012-11-01,19.2374
2012-11-02,18.9108
2012-11-05,19.6699
2012-11-06,19.517
2012-11-07,20.364
2012-11-08,20.6647
2012-11-09,20.5873
2012-11-12,20.8265
2012-11-13,20.453
2012-11-14,20.4544
2012-11-15,20.7963
2012-11-16,20.8652
2012-11-19,19.0496
2012-11-20,18.4587
2012-11-21,17.8457
2012-11-22,17.5708
2012-11-23,17.6493
2012-11-26,18.2917
2012-11-27,18.0031
2012-11-28,17.5384
2012-11-29,16.7756
2012-11-30,16.9578
2012-12-03,17.158
2012-12-04,17.3331
2012-12-05,17.4228
2012-12-06,17.2238
2012-12-07,17.4377
2012-12-10,17.3553
2012-12-11,17.1825
2012-12-12,17.1388
2012-12-13,17.62
2012-12-14,17.4137
2012-12-17,17.4623
2012-12-18,17.1989
2012-12-19,17.1276
2012-12-20,17.0952
2012-12-21,17.4682
2012-12-24,17.6571
2012-12-27,17.5064
2012-12-28,18.7542
2012-12-31,19.0679
2013-01-02,16.9773
2013-01-03,16.7421
2013-01-04,16.3445
2013-01-07,16.9629
2013-01-08,17.1645
2013-01-09,16.9588
2013-01-10,17.1739
2013-01-11,16.8456
2013-01-14,16.5974
2013-01-15,16.8313
2013-01-16,16.3555
2013-01-17,15.9427
2013-01-18,15.9473
2013-01-21,15.0709
2013-01-22,15.1203
2013-01-23,15.22
2013-01-24,14.9067
2013-01-25,14.6914
2013-01-28,14.7477
2013-01-29,14.6978
2013-01-30,15.2878
2013-01-31,15.6644
2013-02-01,15.2978
2013-02-04,17.5864
2013-02-05,17.3511
2013-02-06,18.0625
2013-02-07,18.5819
2013-02-08,17.3884
2013-02-11,17.5289
2013-02-12,17.1149
2013-02-13,16.9101
2013-02-14,17.2087
2013-02-15,17.6115
2013-02-18,17.6029
2013-02-19,16.9139
2013-02-20,17.7008
2013-02-21,18.9743
2013-02-22,18.2294
2013-02-25,18.2932
2013-02-26,21.1088
2013-02-27,19.2483
2013-02-28,18.7876
2013-03-01,19.1842
2013-03-04,18.9128
2013-03-05,17.6052
2013-03-06,18.0607
2013-03-07,17.6176
2013-03-08,16.8337
2013-03-11,17.0966
2013-03-12,17.1858
2013-03-13,16.9428
2013-03-14,16.4299
2013-03-15,16.6715
2013-03-18,16.9929
2013-03-19,18.2331
2013-03-20,17.1641
2013-03-21,17.7237
2013-03-22,18.2382
2013-03-25,18.669
2013-03-26,18.4905
2013-03-27,19.2125
2013-03-28,18.8813
2013-04-02,17.9621
2013-04-03,18.7641
2013-04-04,19.1782
2013-04-05,20.3634
2013-04-08,19.9377
2013-04-09,19.5107
2013-04-10,18.3093
2013-04-11,17.8406
2013-04-12,18.7967
2013-04-15,18.8519
2013-04-16,19.3249
2013-04-17,20.8948
2013-04-18,20.3998
2013-04-19,19.5848
2013-04-22,19.517
2013-04-23,18.0824
2013-04-24,17.8535
2013-04-25,18.0107
2013-04-26,18.4912
2013-04-29,18.3038
2013-04-30,18.4778
2013-05-02,17.6243
2013-05-03,16.7543
2013-05-06,16.7857
2013-05-07,16.2889
2013-05-08,15.9611
2013-05-09,16.0458
2013-05-10,16.0841
2013-05-13,16.3163
2013-05-14,16.2001
2013-05-15,16.1242
2013-05-16,16.2518
2013-05-17,16.3473
2013-05-20,16.4166
2013-05-21,16.3058
2013-05-22,15.8929
2013-05-23,17.1109
2013-05-24,16.9614
2013-05-27,16.5967
2013-05-28,16.1859
2013-05-29,17.2624
2013-05-30,16.8622
2013-05-31,17.0647
2013-06-03,18.1901
2013-06-04,18.3345
2013-06-05,19.1564
2013-06-06,19.1519
2013-06-07,17.9536
2013-06-10,17.6952
2013-06-11,18.7297
2013-06-12,18.9847
2013-06-13,19.3514
2013-06-14,19.0356
2013-06-17,18.5187
2013-06-18,18.6135
2013-06-19,18.3885
2013-06-20,20.5807
2013-06-21,20.7747
2013-06-24,21.2596
2013-06-25,20.5643
2013-06-26,19.7663
2013-06-27,19.2908
2013-06-28,19.4925
2013-07-01,19.7778
2013-07-02,19.791
2013-07-03,20.4051
2013-07-04,19.2701
2013-07-05,20.0022
2013-07-08,19.3859
2013-07-09,18.9575
2013-07-10,19.0211
2013-07-11,18.1007
2013-07-12,17.939
2013-07-15,17.7232
2013-07-16,18.0213
2013-07-17,17.678
2013-07-18,16.9957
2013-07-19,16.9029
2013-07-22,16.404
2013-07-23,16.3561
2013-07-24,16.2371
2013-07-25,16.6862
2013-07-26,16.9664
2013-07-29,17.1607
2013-07-30,17.1964
2013-07-31,17.1191
2013-08-01,16.0061
2013-08-02,15.5524
2013-08-05,15.482
2013-08-06,16.1294
2013-08-07,16.1081
2013-08-08,15.9245
2013-08-09,15.4322
2013-08-12,15.7302
2013-08-13,15.5292
2013-08-14,15.4659
2013-08-15,16.4185
2013-08-16,15.6117
2013-08-19,16.0869
2013-08-20,16.9028
2013-08-21,17.0201
2013-08-22,16.2003
2013-08-23,15.9273
2013-08-26,15.9356
2013-08-27,17.7766
2013-08-28,17.7809
2013-08-29,17.4905
2013-08-30,18.5844
2013-09-02,17.756
2013-09-03,17.9885
2013-09-04,18.3826
2013-09-05,18.2114
2013-09-06,17.6552
2013-09-09,17.8786
2013-09-10,17.007
2013-09-11,16.7442
2013-09-12,16.6157
2013-09-13,16.8667
2013-09-16,16.6946
2013-09-17,16.5971
2013-09-18,16.2873
2013-09-19,15.849
2013-09-20,15.3959
2013-09-23,15.8013
2013-09-24,15.3107
2013-09-25,15.3782
2013-09-26,15.3266
2013-09-27,15.3619
2013-09-30,16.5743
2013-10-01,15.8085
2013-10-02,16.2988
2013-10-03,16.6488
2013-10-04,16.6768
2013-10-07,17.0116
2013-10-08,17.4588
2013-10-09,17.8889
2013-10-10,16.6142
2013-10-11,16.2668
2013-10-14,16.7234
2013-10-15,15.9989
2013-10-16,15.6963
2013-10-17,14.9845
2013-10-18,14.2293
2013-10-21,13.6579
2013-10-22,13.4177
2013-10-23,13.8922
2013-10-24,13.5029
2013-10-25,13.4849
2013-10-28,13.6863
2013-10-29,13.4314
2013-10-30,13.8452
2013-10-31,13.8066
2013-11-01,14.0198
2013-11-04,14.0077
2013-11-05,14.3223
2013-11-06,14.2703
2013-11-07,14.1542
2013-11-08,14.617
2013-11-11,14.599
2013-11-12,14.7428
2013-11-13,15.1346
2013-11-14,14.4982
2013-11-15,14.0906
2013-11-18,13.958
2013-11-19,14.5218
2013-11-20,14.4898
2013-11-21,14.4127
2013-11-22,14.0811
2013-11-25,14.1429
2013-11-26,14.1159
2013-11-27,13.9472
2013-11-28,13.9766
2013-11-29,14.2303
2013-12-02,14.6901
2013-12-03,15.6525
2013-12-04,15.9627
2013-12-05,16.2689
2013-12-06,15.6845
2013-12-09,15.4458
2013-12-10,15.6407
2013-12-11,15.8095
2013-12-12,16.0782
2013-12-13,15.9999
2013-12-16,16.1468
2013-12-17,16.6156
2013-12-18,16.0239
2013-12-19,14.8593
2013-12-20,14.654
2013-12-23,14.3233
2013-12-24,14.0142
2013-12-27,14.2311
2013-12-30,14.4379
2013-12-31,14.4219
2014-01-02,15.4141
2014-01-03,15.1063
2014-01-06,15.325
2014-01-07,14.9965
2014-01-08,15.1439
2014-01-09,15.3705
2014-01-10,14.7032
2014-01-13,14.8507
2014-01-14,14.8914
2014-01-15,14.4482
2014-01-16,14.7516
2014-01-17,14.2844
2014-01-20,14.4203
2014-01-21,14.2359
2014-01-22,14.5433
2014-01-23,15.1385
2014-01-24,16.7112
2014-01-27,16.9093
2014-01-28,16.6119
2014-01-29,17.3242
2014-01-30,17.1941
2014-01-31,17.6831
2014-02-03,18.7329
2014-02-04,18.2806
2014-02-05,18.4581
2014-02-06,17.24
2014-02-07,16.6463
2014-02-10,16.354
2014-02-11,15.5322
2014-02-12,15.2597
2014-02-13,15.2545
2014-02-14,14.7197
2014-02-17,15.0277
2014-02-18,15.2024
2014-02-19,15.1891
2014-02-20,15.2541
2014-02-21,14.7324
2014-02-24,14.2184
2014-02-25,14.167
2014-02-26,14.0688
2014-02-27,14.3425
2014-02-28,14.3176
2014-03-03,16.6727
2014-03-04,15.1145
2014-03-05,15.0968
2014-03-06,14.9922
2014-03-07,15.906
2014-03-10,16.2328
2014-03-11,16.1797
2014-03-12,16.8532
2014-03-13,17.8427
2014-03-14,18.4913
2014-03-17,17.6239
2014-03-18,16.7834
2014-03-19,16.8736
2014-03-20,16.5726
2014-03-21,15.8447
2014-03-24,16.8023
2014-03-25,16.1529
2014-03-26,15.6199
2014-03-27,15.8903
2014-03-28,15.4918
2014-03-31,15.8763
2014-04-01,15.5238
2014-04-02,15.418
2014-04-03,15.0038
2014-04-04,14.7388
2014-04-07,15.4783
2014-04-08,15.8344
2014-04-09,15.4397
2014-04-10,15.6235
2014-04-11,16.2086
2014-04-14,16.3752
2014-04-15,16.8085
2014-04-16,16.0349
2014-04-17,15.5413
2014-04-22,15.1196
2014-04-23,15.1639
2014-04-24,15.2339
2014-04-25,16.0497
2014-04-28,15.5946
2014-04-29,15.0204
2014-04-30,14.905
2014-05-02,14.9977
2014-05-05,15.1374
2014-05-06,15.6075
2014-05-07,15.4507
2014-05-08,14.7093
2014-05-09,14.9947
2014-05-12,14.496
2014-05-13,14.2287
2014-05-14,14.1441
2014-05-15,14.9253
2014-05-16,14.4715
2014-05-19,14.1248
2014-05-20,13.9819
2014-05-21,13.9016
2014-05-22,13.9031
2014-05-23,13.7672
2014-05-26,13.497
2014-05-27,13.461
2014-05-28,13.4827
2014-05-29,13.52
2014-05-30,13.7009
2014-06-02,13.884
2014-06-03,13.9387
2014-06-04,13.9627
2014-06-05,13.0981
2014-06-06,12.5119
2014-06-09,12.5967
2014-06-10,12.4608
2014-06-11,12.7393
2014-06-12,12.6683
2014-06-13,12.9005
2014-06-16,13.5082
2014-06-17,13.3873
2014-06-18,13.2118
2014-06-19,12.5811
2014-06-20,12.4411
2014-06-23,12.83
2014-06-24,12.7449
2014-06-25,13.2878
2014-06-26,13.6167
2014-06-27,13.8293
2014-06-30,14.0545
2014-07-01,13.2721
2014-07-02,13.1311
2014-07-03,12.4202
2014-07-04,12.5012
2014-07-07,13.1341
2014-07-08,13.817
2014-07-09,13.7062
2014-07-10,14.2599
2014-07-11,14.233
2014-07-14,13.6902
2014-07-15,14.2918
2014-07-16,13.7656
2014-07-17,14.3792
2014-07-18,14.576
2014-07-21,15.1176
2014-07-22,14.0396
2014-07-23,13.9041
2014-07-24,13.8482
2014-07-25,14.6652
2014-07-28,14.9829
2014-07-29,14.8311
2014-07-30,15.3538
2014-07-31,16.4318
2014-08-01,17.0655
2014-08-04,16.8039
2014-08-05,16.3207
2014-08-06,16.8643
2014-08-07,17.5649
2014-08-08,17.818
2014-08-11,16.8945
2014-08-12,17.116
2014-08-13,16.3144
2014-08-14,15.9734
2014-08-15,16.365
2014-08-18,15.6417
2014-08-19,15.0428
2014-08-20,15.2138
2014-08-21,14.7075
2014-08-22,15.3222
2014-08-25,14.5805
2014-08-26,14.2203
2014-08-27,14.38
2014-08-28,15.0415
2014-08-29,15.2942
2014-09-01,15.3617
2014-09-02,15.2659
2014-09-03,14.5279
2014-09-04,14.0919
2014-09-05,13.9653
2014-09-08,14.3754
2014-09-09,14.5098
2014-09-10,14.8277
2014-09-11,15.0482
2014-09-12,14.6573
2014-09-15,14.982
2014-09-16,15.45
2014-09-17,14.8193
2014-09-18,14.535
2014-09-19,14.0448
2014-09-22,14.5438
2014-09-23,15.8281
2014-09-24,14.9945
2014-09-25,15.6312
2014-09-26,15.5527
2014-09-29,16.4533
2014-09-30,15.9165
2014-10-01,16.629
2014-10-02,17.7813
2014-10-03,17.3821
2014-10-06,17.2187
2014-10-07,18.057
2014-10-08,18.4419
2014-10-09,18.1805
2014-10-10,19.2334
2014-10-13,19.7032
2014-10-14,19.891
2014-10-15,22.0119
2014-10-16,23.3885
2014-10-17,20.2872
2014-10-20,20.2761
2014-10-21,18.5242
2014-10-22,18.0971
2014-10-23,17.5254
2014-10-24,18.2141
2014-10-27,18.7253
2014-10-28,17.6177
2014-10-29,17.5019
2014-10-30,17.1551
2014-10-31,16.6793
2014-11-03,17.267
2014-11-04,18.2327
2014-11-05,17.7295
2014-11-06,17.4889
2014-11-07,17.8876
2014-11-10,17.0039
2014-11-11,16.2368
2014-11-12,17.285
2014-11-13,17.1488
2014-11-14,16.7409
2014-11-17,16.7511
2014-11-18,16.4798
2014-11-19,16.704
2014-11-20,17.1339
2014-11-21,16.1218
2014-11-24,16.5014
2014-11-25,16.5003
2014-11-26,16.2476
2014-11-27,16.3295
2014-11-28,16.1983
2014-12-01,17.0046
2014-12-02,16.847
2014-12-03,16.6711
2014-12-04,16.5002
2014-12-05,15.831
2014-12-08,16.2917
2014-12-09,18.464
2014-12-10,19.0039
2014-12-11,19.1653
2014-12-12,21.539
2014-12-15,23.8453
2014-12-16,22.4384
2014-12-17,22.4774
2014-12-18,20.4617
2014-12-19,20.2188
2014-12-22,19.9855
2014-12-23,19.4229
2014-12-24,19.3198
2014-12-29,20.4032
2014-12-30,21.4067
2014-12-31,20.8849
2015-01-02,22.2332
2015-01-05,23.6809
2015-01-06,23.3319
2015-01-07,23.3932
2015-01-08,21.4945
2015-01-09,23.0703
2015-01-12,23.2169
2015-01-13,22.3791
2015-01-14,22.8687
2015-01-15,22.5786
2015-01-16,22.8924
2015-01-19,21.9356
2015-01-20,21.3563
2015-01-21,20.6904
2015-01-22,19.4187
2015-01-23,19.5675
2015-01-26,18.7146
2015-01-27,19.8405
2015-01-28,19.9235
2015-01-29,20.0923
2015-01-30,20.5728
2015-02-02,20.6465
2015-02-03,19.6483
2015-02-04,19.418
2015-02-05,19.1033
2015-02-06,18.5744
2015-02-09,20.1948
2015-02-10,20.3368
2015-02-11,20.5112
2015-02-12,19.8232
2015-02-13,19.4646
2015-02-16,19.6095
2015-02-17,19.3226
2015-02-18,18.5856
2015-02-19,18.43
2015-02-20,18.8135
2015-02-23,17.822
2015-02-24,16.6934
2015-02-25,16.5841
2015-02-26,16.1085
2015-02-27,15.9874
2015-03-02,16.521
2015-03-03,16.9354
2015-03-04,16.3243
2015-03-05,15.9955
2015-03-06,16.3916
2015-03-09,16.7419
2015-03-10,17.7191
2015-03-11,17.213
2015-03-12,17.3913
2015-03-13,17.4305
2015-03-16,17.901
2015-03-17,18.6714
2015-03-18,18.5746
2015-03-19,18.443
2015-03-20,17.3775
2015-03-23,18.0454
2015-03-24,17.132
2015-03-25,17.8378
2015-03-26,18.3492
2015-03-27,18.3492
2015-03-30,18.0442
2015-03-31,18.4833
2015-04-01,18.7313
2015-04-02,18.5037
2015-04-07,17.9878
2015-04-08,17.7965
2015-04-09,17.4018
2015-04-10,16.8416
2015-04-13,16.792
2015-04-14,17.6187
2015-04-15,17.032
2015-04-16,17.7276
2015-04-17,19.7944
2015-04-20,18.8768
2015-04-21,19.0784
2015-04-22,18.9121
2015-04-23,19.3701
2015-04-24,19.1494
2015-04-27,18.4923
2015-04-28,19.0261
2015-04-29,20.1203
2015-04-30,20.2948
2015-05-04,19.6729
2015-05-05,20.694
2015-05-06,20.6896
2015-05-07,20.5155
2015-05-08,18.6583
2015-05-11,19.0856
2015-05-12,19.8444
2015-05-13,19.8928
2015-05-14,19.1438
2015-05-15,19.2565
2015-05-18,18.89
2015-05-19,17.9499
2015-05-20,17.8039
2015-05-21,17.9085
2015-05-22,17.9177
2015-05-25,18.2615
2015-05-26,19.1599
2015-05-27,18.2185
2015-05-28,18.851
2015-05-29,19.6784
2015-06-01,20.2499
2015-06-02,20.3448
2015-06-03,19.8224
2015-06-04,20.277
2015-06-05,20.8697
2015-06-08,21.4306
2015-06-09,21.3842
2015-06-10,20.3803
2015-06-11,20.0525
2015-06-12,21.5832
2015-06-15,22.458
2015-06-16,22.2725
2015-06-17,22.3314
2015-06-18,22.3732
2015-06-19,22.2992
2015-06-22,19.5889
2015-06-23,18.8457
2015-06-24,19.958
2015-06-25,20.2551
2015-06-26,20.4197
2015-06-29,23.3524
2015-06-30,24.6286
2015-07-01,23.0853
2015-07-02,23.6234
2015-07-03,24.4043
2015-07-06,24.0
2015-07-07,24.4969
2015-07-08,24.9499
2015-07-09,23.9453
2015-07-10,22.5443
2015-07-13,20.095
2015-07-14,19.489
2015-07-15,19.1468
2015-07-16,18.2206
2015-07-17,18.2386
2015-07-20,17.7772
2015-07-21,18.0821
2015-07-22,17.9962
2015-07-23,17.4592
2015-07-24,17.8554
2015-07-27,19.5216
2015-07-28,18.8013
2015-07-29,18.3368
2015-07-30,18.5512
2015-07-31,18.1787
2015-08-03,17.9392
2015-08-04,17.4928
2015-08-05,17.1545
2015-08-06,17.1986
2015-08-07,17.5364
2015-08-10,17.3103
2015-08-11,18.3038
2015-08-12,20.6204
2015-08-13,19.8425
2015-08-14,19.8551
2015-08-17,19.9218
2015-08-18,19.7021
2015-08-19,20.429
2015-08-20,21.3175
2015-08-21,23.5651
2015-08-24,28.7936
2015-08-25,25.1182
2015-08-26,26.5378
2015-08-27,23.7705
2015-08-28,24.2755
2015-08-31,24.9578
2015-09-01,26.9545
2015-09-02,26.4708
2015-09-03,24.078
2015-09-04,27.4713
2015-09-07,26.9784
2015-09-08,25.4906
2015-09-09,23.9625
2015-09-10,25.2222
2015-09-11,25.1132
2015-09-14,25.0509
2015-09-15,24.1797
2015-09-16,22.5373
2015-09-17,22.5345
2015-09-18,23.4078
2015-09-21,22.5747
2015-09-22,25.0544
2015-09-23,24.5131
2015-09-24,26.6032
2015-09-25,24.7496
2015-09-28,26.2652
2015-09-29,26.6835
2015-09-30,25.6978
2015-10-01,26.3666
2015-10-02,25.6495
2015-10-05,24.2387
2015-10-06,23.093
2015-10-07,22.723
2015-10-08,22.3456
2015-10-09,21.536
2015-10-12,20.9422
2015-10-13,21.2282
2015-10-14,21.889
2015-10-15,21.4343
2015-10-16,20.9062
2015-10-19,19.9767
2015-10-20,19.9436
2015-10-21,19.9564
2015-10-22,18.4146
2015-10-23,18.6751
2015-10-26,18.9152
2015-10-27,19.2647
2015-10-28,18.9746
2015-10-29,19.3592
2015-10-30,19.0389
2015-11-02,18.9489
2015-11-03,18.7897
2015-11-04,19.1666
2015-11-05,19.1102
2015-11-06,18.9604
2015-11-09,19.4451
2015-11-10,19.9918
2015-11-11,19.4918
2015-11-12,20.1216
2015-11-13,21.3232
2015-11-16,21.6122
2015-11-17,20.5845
2015-11-18,20.7777
2015-11-19,20.5148
2015-11-20,20.1816
2015-11-23,20.1047
2015-11-24,21.3049
2015-11-25,20.5833
2015-11-26,20.0373
2015-11-27,20.3523
2015-11-30,20.3037
2015-12-01,20.486
2015-12-02,20.0881
2015-12-03,20.3493
2015-12-04,20.7498
2015-12-07,20.4412
2015-12-08,21.1994
2015-12-09,21.6972
2015-12-10,22.1922
2015-12-11,23.4874
2015-12-14,25.0368
2015-12-15,23.4969
2015-12-16,22.1905
2015-12-17,21.153
2015-12-18,21.9593
2015-12-21,21.8974
2015-12-22,21.4207
2015-12-23,20.0562
2015-12-24,19.9478
2015-12-28,21.1032
2015-12-29,20.5926
2015-12-30,20.9029
2015-12-31,21.261
2016-01-04,23.6984
2016-01-05,23.3645
2016-01-06,23.7151
2016-01-07,25.2993
2016-01-08,25.3868
2016-01-11,25.7059
2016-01-12,24.6245
2016-01-13,24.4594
2016-01-14,25.4477
2016-01-15,27.7927
2016-01-18,26.9091
2016-01-19,25.6373
2016-01-20,28.248
2016-01-21,26.4293
2016-01-22,25.016
2016-01-25,25.0933
2016-01-26,24.7082
2016-01-27,24.4395
2016-01-28,25.3169
2016-01-29,23.969
2016-02-01,24.0076
2016-02-02,25.2233
2016-02-03,26.393
2016-02-04,25.6182
2016-02-05,25.8318
2016-02-08,28.1057
2016-02-09,29.1079
2016-02-10,27.8391
2016-02-11,30.6865
2016-02-12,29.6498
2016-02-15,28.053
2016-02-16,28.0832
2016-02-17,26.0255
2016-02-18,26.2167
2016-02-19,26.8018
2016-02-22,25.3506
2016-02-23,25.8278
2016-02-24,27.5978
2016-02-25,26.5166
2016-02-26,25.1299
2016-02-29,25.4256
2016-03-01,24.572
2016-03-02,23.6692
2016-03-03,22.8713
2016-03-04,21.6464
2016-03-07,22.5196
2016-03-08,23.6384
2016-03-09,23.6116
2016-03-10,23.6789
2016-03-11,22.2394
2016-03-14,21.5232
2016-03-15,21.7748
2016-03-16,21.577
2016-03-17,21.4927
2016-03-18,20.1883
2016-03-21,20.4743
2016-03-22,20.6768
2016-03-23,20.7366
2016-03-24,21.8099
2016-03-29,21.6359
2016-03-30,20.1729
2016-03-31,20.8223
2016-04-01,21.7525
2016-04-04,21.6239
2016-04-05,22.8947
2016-04-06,22.3986
2016-04-07,22.9187
2016-04-08,22.2964
2016-04-11,22.3574
2016-04-12,22.1101
2016-04-13,20.8665
2016-04-14,20.31
2016-04-15,20.4073
2016-04-18,21.5976
2016-04-19,20.7217
2016-04-20,20.5695
2016-04-21,20.7247
2016-04-22,21.0592
2016-04-25,21.48
2016-04-26,20.9813
2016-04-27,20.6812
2016-04-28,20.5328
2016-04-29,22.1134
2016-05-02,22.5282
2016-05-03,23.3515
2016-05-04,23.9253
2016-05-05,23.6091
2016-05-06,23.4416
2016-05-09,22.9724
2016-05-10,22.0831
2016-05-11,22.3376
2016-05-12,22.8058
2016-05-13,22.4095
2016-05-16,22.5389
2016-05-17,22.5425
2016-05-18,22.1359
2016-05-19,22.686
2016-05-20,21.8057
2016-05-23,21.5529
2016-05-24,20.2416
2016-05-25,19.3177
2016-05-26,19.2228
2016-05-27,19.062
2016-05-30,19.0641
2016-05-31,19.7004
2016-06-01,20.4526
2016-06-02,20.1854
2016-06-03,20.5523
2016-06-06,20.4158
2016-06-07,19.8896
2016-06-08,20.5143
2016-06-09,21.2457
2016-06-10,23.4028
2016-06-13,24.9324
2016-06-14,27.0084
2016-06-15,26.55
2016-06-16,28.4545
2016-06-17,26.5518
2016-06-20,23.7192
2016-06-21,23.5401
2016-06-22,23.8155
2016-06-23,22.3565
2016-06-24,25.5728
2016-06-27,28.0614
2016-06-28,25.1693
2016-06-29,23.5269
2016-06-30,22.3573
2016-07-01,21.7927
2016-07-04,22.2286
2016-07-05,23.4148
2016-07-06,24.4803
2016-07-07,23.5552
2016-07-08,22.3506
2016-07-11,20.9412
2016-07-12,20.0508
2016-07-13,20.4356
2016-07-14,19.7568
2016-07-15,19.8657
2016-07-18,19.7378
2016-07-19,20.1211
2016-07-20,19.672
2016-07-21,19.174
2016-07-22,18.884
2016-07-25,18.9548
2016-07-26,19.0801
2016-07-27,19.0879
2016-07-28,19.2566
2016-07-29,18.8372
2016-08-01,18.9519
2016-08-02,20.3923
2016-08-03,20.3059
2016-08-04,19.3455
2016-08-05,18.1536
2016-08-08,17.934
2016-08-09,17.2022
2016-08-10,17.7444
2016-08-11,17.5404
2016-08-12,17.4522
2016-08-15,17.9294
2016-08-16,18.6609
2016-08-17,19.3416
2016-08-18,18.7726
2016-08-19,19.284
2016-08-22,19.3927
2016-08-23,18.8497
2016-08-24,18.8851
2016-08-25,19.2062
2016-08-26,18.7651
2016-08-29,19.0945
2016-08-30,18.7662
2016-08-31,19.004
2016-09-01,19.6258
2016-09-02,18.6418
2016-09-05,18.6209
2016-09-06,18.6499
2016-09-07,18.29
2016-09-08,18.1214
2016-09-09,19.0038
2016-09-12,20.4022
2016-09-13,20.8076
2016-09-14,20.7997
2016-09-15,20.4477
2016-09-16,20.8708
2016-09-19,20.2997
2016-09-20,20.3788
2016-09-21,19.9549
2016-09-22,18.2356
2016-09-23,18.3226
2016-09-26,19.6717
2016-09-27,20.1575
2016-09-28,19.404
2016-09-29,19.3642
2016-09-30,19.318
2016-10-03,19.6198
2016-10-04,18.7959
2016-10-05,19.0669
2016-10-06,19.1386
2016-10-07,19.6786
2016-10-10,18.9672
2016-10-11,19.187
2016-10-12,19.4891
2016-10-13,20.3463
2016-10-14,19.4
2016-10-17,19.7427
2016-10-18,19.3499
2016-10-19,18.8737
2016-10-20,18.4442
2016-10-21,18.2084
2016-10-24,17.5493
2016-10-25,17.6822
2016-10-26,17.9163
2016-10-27,17.9174
2016-10-28,18.0018
2016-10-31,18.7429
2016-11-01,19.841
2016-11-02,20.2969
2016-11-03,20.4857
2016-11-04,20.6277
2016-11-07,19.6685
2016-11-08,19.7149
2016-11-09,18.6236
2016-11-10,18.7918
2016-11-11,19.2425
2016-11-14,19.1122
2016-11-15,18.6015
2016-11-16,18.7232
2016-11-17,18.2771
2016-11-18,18.4092
2016-11-21,18.3307
2016-11-22,18.0589
2016-11-23,18.0687
2016-11-24,18.1836
2016-11-25,18.4157
2016-11-28,19.4565
2016-11-29,18.9569
2016-11-30,18.2616
2016-12-01,19.1574
2016-12-02,19.1045
2016-12-05,17.8167
2016-12-06,17.2214
2016-12-07,16.8509
2016-12-08,16.5531
2016-12-09,16.7538
2016-12-12,16.9237
2016-12-13,16.9056
2016-12-14,17.1851
2016-12-15,16.9578
2016-12-16,16.5686
2016-12-19,16.436
2016-12-20,16.1984
2016-12-21,16.3537
2016-12-22,16.5062
2016-12-23,16.6793
2016-12-27,17.0204
2016-12-28,17.1833
2016-12-29,17.5862
2016-12-30,17.6195
2017-01-02,17.4687
2017-01-03,17.4443
2017-01-04,16.6612
2017-01-05,16.3061
2017-01-06,15.7713
2017-01-09,15.8035
2017-01-10,15.8085
2017-01-11,16.0051
2017-01-12,16.6257
2017-01-13,15.783
2017-01-16,16.0922
2017-01-17,16.3576
2017-01-18,16.3152
2017-01-19,16.1621
2017-01-20,15.8397
2017-01-23,16.0944
2017-01-24,15.95
2017-01-25,15.4118
2017-01-26,15.379
2017-01-27,15.4945
2017-01-30,16.4121
2017-01-31,16.2111
2017-02-01,16.0591
2017-02-02,15.6784
2017-02-03,15.1279
2017-02-06,15.9677
2017-02-07,16.1758
2017-02-08,16.7444
2017-02-09,16.2016
2017-02-10,16.0213
2017-02-13,16.1421
2017-02-14,16.3051
2017-02-15,16.4577
2017-02-16,17.0199
2017-02-17,17.133
2017-02-20,19.4009
2017-02-21,19.4631
2017-02-22,19.9289
2017-02-23,21.2707
2017-02-24,22.0085
2017-02-27,22.0499
2017-02-28,22.0
2017-03-01,20.4438
2017-03-02,20.4261
2017-03-03,20.0003
2017-03-06,20.1069
2017-03-07,19.9113
2017-03-08,19.5581
2017-03-09,19.5483
2017-03-10,19.6682
2017-03-13,19.8272
2017-03-14,20.1881
2017-03-15,19.9613
2017-03-16,19.3338
2017-03-17,18.8025
2017-03-20,18.5288
2017-03-21,18.3691
2017-03-22,18.7632
2017-03-23,18.6287
2017-03-24,18.7076
2017-03-27,18.8919
2017-03-28,18.1615
2017-03-29,17.9725
2017-03-30,17.913
2017-03-31,17.6723
2017-04-03,17.8282
2017-04-04,17.7212
2017-04-05,17.6428
2017-04-06,17.8072
2017-04-07,18.2865
2017-04-10,19.3812
2017-04-11,20.0285
2017-04-12,19.7421
2017-04-13,20.0738
2017-04-18,21.0496
2017-04-19,20.5935
2017-04-20,20.5152
2017-04-21,20.6561
2017-04-24,14.8119
2017-04-25,14.4403
2017-04-26,14.1497
2017-04-27,14.73
2017-04-28,15.4376
2017-05-02,15.3789
2017-05-03,15.3687
2017-05-04,14.6989
2017-05-05,14.8516
2017-05-08,13.9173
2017-05-09,13.7976
2017-05-10,14.0213
2017-05-11,14.0281
2017-05-12,13.9197
2017-05-15,13.9875
2017-05-16,13.6378
2017-05-17,15.0444
2017-05-18,15.482
2017-05-19,14.6387
2017-05-22,14.1016
2017-05-23,13.6327
2017-05-24,13.6824
2017-05-25,13.6053
2017-05-26,13.5685
2017-05-29,13.8014
2017-05-30,13.8093
2017-05-31,13.7743
2017-06-01,13.3508
2017-06-02,12.8595
2017-06-05,13.2795
2017-06-06,13.7296
2017-06-07,13.6813
2017-06-08,13.6106
2017-06-09,13.0567
2017-06-12,13.7654
2017-06-13,13.1596
2017-06-14,13.426
2017-06-15,14.0459
2017-06-16,13.4226
2017-06-19,12.613
2017-06-20,12.9111
2017-06-21,13.5299
2017-06-22,13.5248
2017-06-23,13.5801
2017-06-26,13.3617
2017-06-27,13.7083
2017-06-28,13.9833
2017-06-29,14.9684
2017-06-30,15.2012
2017-07-03,14.2067
2017-07-04,14.1868
2017-07-05,14.3156
2017-07-06,14.8557
2017-07-07,14.9238
2017-07-10,14.2863
2017-07-11,14.2228
2017-07-12,13.6631
2017-07-13,13.5654
2017-07-14,13.3514
2017-07-17,13.1705
2017-07-18,13.714
2017-07-19,13.2627
2017-07-20,13.1754
2017-07-21,13.9382
2017-07-24,13.5541
2017-07-25,12.6733
2017-07-26,12.3608
2017-07-27,12.149
2017-07-28,12.9265
2017-07-31,13.049
2017-08-01,12.6362
2017-08-02,13.0043
2017-08-03,12.9
2017-08-04,12.4577
2017-08-07,12.502
2017-08-08,12.2859
2017-08-09,13.466
2017-08-10,14.81
2017-08-11,15.3995
2017-08-14,13.7029
2017-08-15,13.3376
2017-08-16,13.1244
2017-08-17,13.7824
2017-08-18,14.6332
2017-08-21,14.8935
2017-08-22,14.009
2017-08-23,14.0252
2017-08-24,13.7369
2017-08-25,13.7832
2017-08-28,14.0519
2017-08-29,14.5754
2017-08-30,14.1439
2017-08-31,13.8715
2017-09-01,13.0816
2017-09-04,13.8928
2017-09-05,14.2641
2017-09-06,14.256
2017-09-07,13.717
2017-09-08,13.81
2017-09-11,13.2683
2017-09-12,12.955
2017-09-13,12.8246
2017-09-14,12.7265
2017-09-15,12.6841
2017-09-18,12.426
2017-09-19,12.0379
2017-09-20,12.2341
2017-09-21,11.9765
2017-09-22,12.0342
2017-09-25,12.2601
2017-09-26,12.1477
2017-09-27,12.2271
2017-09-28,12.0673
2017-09-29,11.9369
2017-10-02,11.7249
2017-10-03,11.6195
2017-10-04,12.0384
2017-10-05,11.6778
2017-10-06,11.9006
2017-10-09,11.9783
2017-10-10,12.1408
2017-10-11,11.9691
2017-10-12,11.7771
2017-10-13,11.5175
2017-10-16,11.6312
2017-10-17,11.5027
2017-10-18,11.2244
2017-10-19,11.6692
2017-10-20,11.4184
2017-10-23,10.9805
2017-10-24,11.3144
2017-10-25,12.0509
2017-10-26,11.2321
2017-10-27,11.2397
2017-10-30,11.3668
2017-10-31,11.0809
2017-11-01,11.1313
2017-11-02,11.3254
2017-11-03,11.1281
2017-11-06,11.3119
2017-11-07,11.6186
2017-11-08,11.9957
2017-11-09,12.806
2017-11-10,13.419
2017-11-13,13.5159
2017-11-14,13.7838
2017-11-15,14.1696
2017-11-16,13.5736
2017-11-17,13.3229
2017-11-20,12.5387
2017-11-21,11.9173
2017-11-22,11.7106
2017-11-23,11.7178
2017-11-24,11.7776
2017-11-27,12.0599
2017-11-28,12.001
2017-11-29,12.0618
2017-11-30,11.9531
2017-12-01,13.009
2017-12-04,12.5809
2017-12-05,12.2126
2017-12-06,12.8232
2017-12-07,12.6037
2017-12-08,12.1701
2017-12-11,12.281
2017-12-12,11.9189
2017-12-13,12.4289
2017-12-14,12.5642
2017-12-15,12.3364
2017-12-18,11.4308
2017-12-19,11.8519
2017-12-20,12.4668
2017-12-21,12.1753
2017-12-22,12.3103
2017-12-27,12.5021
2017-12-28,12.8713
2017-12-29,13.225
2018-01-02,13.2191
2018-01-03,12.425
2018-01-04,12.049
2018-01-05,11.8054
2018-01-08,11.8375
2018-01-09,11.7416
2018-01-10,11.8929
2018-01-11,11.8329
2018-01-12,11.7017
2018-01-15,11.6658
2018-01-16,11.9164
2018-01-17,12.3265
2018-01-18,12.542
2018-01-19,12.2202
2018-01-22,11.5329
2018-01-23,11.5553
2018-01-24,11.7489
2018-01-25,11.8985
2018-01-26,11.8906
2018-01-29,12.3363
2018-01-30,13.0745
2018-01-31,13.1988
2018-02-01,13.8966
2018-02-02,14.6202
2018-02-05,15.4234
2018-02-06,19.5972
2018-02-07,16.5961
2018-02-08,18.2148
2018-02-09,20.7634
2018-02-12,18.6429
2018-02-13,18.4268
2018-02-14,15.9528
2018-02-15,15.6061
2018-02-16,14.6263
2018-02-19,15.4844
2018-02-20,15.1789
2018-02-21,14.9769
2018-02-22,14.8801
2018-02-23,14.3861
2018-02-26,13.7262
2018-02-27,14.0769
2018-02-28,14.5556
2018-03-01,15.5135
2018-03-02,17.5519
2018-03-05,15.8653
2018-03-06,15.6309
2018-03-07,15.4939
2018-03-08,14.693
2018-03-09,14.251
2018-03-12,14.0522
2018-03-13,15.0852
2018-03-14,15.0928
2018-03-15,14.6598
2018-03-16,13.7235
2018-03-19,14.8472
2018-03-20,14.2975
2018-03-21,14.2892
2018-03-22,16.191
2018-03-23,16.6724
2018-03-26,17.3487
2018-03-27,15.857
2018-03-28,15.8471
2018-03-29,14.7023
2018-04-03,15.4245
2018-04-04,16.0465
2018-04-05,14.6428
2018-04-06,14.7683
2018-04-09,14.7193
2018-04-10,14.068
2018-04-11,14.5194
2018-04-12,13.7989
2018-04-13,13.5734
2018-04-16,13.0488
2018-04-17,12.3243
2018-04-18,12.234
2018-04-19,12.5921
2018-04-20,12.4053
2018-04-23,11.9672
2018-04-24,12.0201
2018-04-25,12.4961
2018-04-26,11.844
2018-04-27,11.8852
2018-04-30,11.9062
2018-05-02,11.8307
2018-05-03,12.2793
2018-05-04,11.7347
2018-05-07,11.5915
2018-05-08,11.9362
2018-05-09,11.7549
2018-05-10,11.5368
2018-05-11,11.3051
2018-05-14,11.4544
2018-05-15,11.4031
2018-05-16,11.6143
2018-05-17,11.3865
2018-05-18,11.8067
2018-05-21,11.8024
2018-05-22,11.7041
2018-05-23,12.8996
2018-05-24,12.9548
2018-05-25,13.1355
2018-05-28,13.8333
2018-05-29,15.4586
2018-05-30,14.7682
2018-05-31,14.6462
2018-06-01,13.3024
2018-06-04,12.5997
2018-06-05,12.7015
2018-06-06,12.884
2018-06-07,12.7617
2018-06-08,13.069
2018-06-11,12.5542
2018-06-12,12.3141
2018-06-13,11.939
2018-06-14,11.1097
2018-06-15,11.588
2018-06-18,12.5242
2018-06-19,13.0889
2018-06-20,12.7385
2018-06-21,13.4849
2018-06-22,12.6264
2018-06-25,14.0761
2018-06-26,14.1227
2018-06-27,13.9561
2018-06-28,14.8253
2018-06-29,13.8169
2018-07-02,14.5714
2018-07-03,13.9167
2018-07-04,13.8277
2018-07-05,13.542
2018-07-06,13.0891
2018-07-09,12.5849
2018-07-10,11.8297
2018-07-11,12.5698
2018-07-12,12.1825
2018-07-13,11.9383
2018-07-16,12.109
2018-07-17,11.9678
2018-07-18,11.6076
2018-07-19,11.8274
2018-07-20,12.2174
2018-07-23,12.489
2018-07-24,11.7021
2018-07-25,12.1995
2018-07-26,11.5334
2018-07-27,11.1144
2018-07-30,11.6697
2018-07-31,11.8218
2018-08-01,12.0951
2018-08-02,13.0373
2018-08-03,12.6111
2018-08-06,12.5903
2018-08-07,11.9149
2018-08-08,12.2333
2018-08-09,11.9371
2018-08-10,13.6775
2018-08-13,13.9612
2018-08-14,13.9847
2018-08-15,15.3781
2018-08-16,14.243
2018-08-17,13.9608
2018-08-20,13.1977
2018-08-21,12.7777
2018-08-22,12.8039
2018-08-23,12.6188
2018-08-24,12.4184
2018-08-27,12.1897
2018-08-28,12.2283
2018-08-29,12.2852
2018-08-30,12.6992
2018-08-31,13.476
2018-09-03,13.4019
2018-09-04,13.865
2018-09-05,14.6687
2018-09-06,14.7217
2018-09-07,14.38
2018-09-10,13.8199
2018-09-11,13.6486
2018-09-12,13.4379
2018-09-13,13.1447
2018-09-14,12.8096
2018-09-17,12.9776
2018-09-18,12.7494
2018-09-19,12.53
2018-09-20,12.1773
2018-09-21,11.9937
2018-09-24,12.573
2018-09-25,12.205
2018-09-26,11.9728
2018-09-27,11.9436
2018-09-28,12.6521
2018-10-01,12.4311
2018-10-02,13.0124
2018-10-03,12.6776
2018-10-04,13.386
2018-10-05,13.9425
2018-10-08,14.6253
2018-10-09,14.4217
2018-10-10,15.4067
2018-10-11,16.7423
2018-10-12,16.209
2018-10-15,15.9578
2018-10-16,14.794
2018-10-17,14.9626
2018-10-18,15.3904
2018-10-19,15.6467
2018-10-22,15.7663
2018-10-23,16.8176
2018-10-24,16.9098
2018-10-25,16.8715
2018-10-26,18.614
2018-10-29,17.5574
2018-10-30,17.5148
2018-10-31,16.3451
2018-11-01,15.8709
2018-11-02,15.9438
2018-11-05,15.725
2018-11-06,15.5805
2018-11-07,14.3871
2018-11-08,14.0474
2018-11-09,14.3757
2018-11-12,15.046
2018-11-13,14.9561
2018-11-14,15.599
2018-11-15,16.5049
2018-11-16,15.3244
2018-11-19,15.5979
2018-11-20,16.7014
2018-11-21,15.9268
2018-11-22,16.2584
2018-11-23,16.2736
2018-11-26,15.9803
2018-11-27,16.1879
2018-11-28,16.2405
2018-11-29,16.3109
2018-11-30,15.9798
2018-12-03,15.2129
2018-12-04,15.383
2018-12-05,16.3937
2018-12-06,18.9941
2018-12-07,18.2784
2018-12-10,19.4205
2018-12-11,18.4679
2018-12-12,17.6514
2018-12-13,17.7043
2018-12-14,17.855
2018-12-17,17.985
2018-12-18,18.4679
2018-12-19,18.3793
2018-12-20,19.1112
2018-12-21,19.5504
2018-12-24,20.2866
2018-12-27,22.1257
2018-12-28,20.9122
2018-12-31,20.2384
2019-01-02,20.1789
2019-01-03,20.1875
2019-01-04,18.4382
2019-01-07,18.3666
2019-01-08,17.5338
2019-01-09,17.3704
2019-01-10,17.4803
2019-01-11,17.1171
2019-01-14,17.1898
2019-01-15,16.6144
2019-01-16,15.5788
2019-01-17,15.154
2019-01-18,14.3674
2019-01-21,14.6861
2019-01-22,15.2341
2019-01-23,15.3648
2019-01-24,14.935
2019-01-25,14.3454
2019-01-28,15.051
2019-01-29,14.8292
2019-01-30,14.7465
2019-01-31,14.4577
2019-02-01,13.6837
2019-02-04,13.4886
2019-02-05,12.8785
2019-02-06,12.8804
2019-02-07,14.1669
2019-02-08,15.1667
2019-02-11,14.2926
2019-02-12,13.7833
2019-02-13,13.6488
2019-02-14,14.1966
2019-02-15,13.6071
2019-02-18,13.5527
2019-02-19,13.6893
2019-02-20,13.3955
2019-02-21,13.4384
2019-02-22,13.2543
2019-02-25,13.0919
2019-02-26,13.2095
2019-02-27,13.6392
2019-02-28,13.3988
2019-03-01,13.2019
2019-03-04,13.2757
2019-03-05,13.1615
2019-03-06,13.2484
2019-03-07,13.5431
2019-03-08,14.0332
2019-03-11,13.7607
2019-03-12,13.5937
2019-03-13,13.4627
2019-03-14,13.4862
2019-03-15,13.0899
2019-03-18,13.1705
2019-03-19,12.9122
2019-03-20,13.4311
2019-03-21,13.7414
2019-03-22,15.332
2019-03-25,15.2982
2019-03-26,14.4437
2019-03-27,14.8566
2019-03-28,14.8814
2019-03-29,14.2774
2019-04-01,13.8493
2019-04-02,13.9703
2019-04-03,13.5747
2019-04-04,13.6017
2019-04-05,13.2595
2019-04-08,13.6665
2019-04-09,13.6725
2019-04-10,13.5174
2019-04-11,12.6916
2019-04-12,12.3901
2019-04-15,12.1837
2019-04-16,12.1423
2019-04-17,12.2555
2019-04-18,12.2249
2019-04-23,12.5316
2019-04-24,12.6917
2019-04-25,12.9614
2019-04-26,12.6339
2019-04-29,12.7866
2019-04-30,12.9103
2019-05-02,13.1031
2019-05-03,12.8374
2019-05-06,13.8494
2019-05-07,14.8398
2019-05-08,14.7331
2019-05-09,15.9821
2019-05-10,15.4548
2019-05-13,15.8968
2019-05-14,15.039
2019-05-15,14.6266
2019-05-16,13.5708
2019-05-17,13.4366
2019-05-20,14.6589
2019-05-21,14.0106
2019-05-22,13.8379
2019-05-23,14.8596
2019-05-24,14.7066
2019-05-27,14.3125
2019-05-28,14.2626
2019-05-29,15.281
2019-05-30,14.9431
2019-05-31,15.5528
2019-06-03,15.3572
2019-06-04,14.88
2019-06-05,14.6929
2019-06-06,14.5351
2019-06-07,13.8043
2019-06-10,13.7193
2019-06-11,13.5215
2019-06-12,13.6863
2019-06-13,13.4174
2019-06-14,13.5799
2019-06-17,13.3389
2019-06-18,12.6201
2019-06-19,12.8769
2019-06-20,12.5732
2019-06-21,13.0352
2019-06-24,13.3539
2019-06-25,13.3731
2019-06-26,13.4388
2019-06-27,13.326
2019-06-28,13.0241
2019-07-01,12.3171
2019-07-02,12.0287
2019-07-03,11.8115
2019-07-04,11.9887
2019-07-05,12.3009
2019-07-08,12.3588
2019-07-09,12.4232
2019-07-10,12.5554
2019-07-11,12.586
2019-07-12,12.5325
2019-07-15,12.6353
2019-07-16,12.3358
2019-07-17,12.799
2019-07-18,13.1378
2019-07-19,13.1324
2019-07-22,13.092
2019-07-23,12.4337
2019-07-24,12.6669
2019-07-25,12.7545
2019-07-26,12.4643
2019-07-29,12.4036
2019-07-30,13.5323
2019-07-31,13.3511
2019-08-01,13.3694
2019-08-02,15.6609
2019-08-05,17.2375
2019-08-06,17.4099
2019-08-07,17.0956
2019-08-08,16.2162
2019-08-09,16.6569
2019-08-12,17.1956
2019-08-13,16.3558
2019-08-14,18.8174
2019-08-15,19.133
2019-08-16,17.3667
2019-08-19,16.6653
2019-08-20,16.5645
2019-08-21,16.1993
2019-08-22,16.902
2019-08-23,15.949
2019-08-26,18.1072
2019-08-27,17.7376
2019-08-28,18.0705
2019-08-29,16.7789
2019-08-30,16.5585
2019-09-02,16.4755
2019-09-03,16.8396
2019-09-04,15.826
2019-09-05,14.8201
2019-09-06,14.4859
2019-09-09,14.6116
2019-09-10,14.6652
2019-09-11,14.6743
2019-09-12,14.0901
2019-09-13,13.7694
2019-09-16,14.4692
2019-09-17,14.6979
2019-09-18,14.6853
2019-09-19,14.0359
2019-09-20,13.8219
2019-09-23,14.8069
2019-09-24,14.821
2019-09-25,15.6366
2019-09-26,15.0924
2019-09-27,14.9038
2019-09-30,14.7347
2019-10-01,15.5253
2019-10-02,17.55
2019-10-03,17.4234
2019-10-04,16.6315
2019-10-07,16.1734
2019-10-08,16.9707
2019-10-09,16.6189
2019-10-10,15.7372
2019-10-11,14.8382
2019-10-14,14.8112
2019-10-15,13.6354
2019-10-16,13.9195
2019-10-17,14.0954
2019-10-18,14.4191
2019-10-21,13.8235
2019-10-22,13.7285
2019-10-23,13.5568
2019-10-24,13.2706
2019-10-25,12.9428
2019-10-28,12.9537
2019-10-29,13.2431
2019-10-30,13.1636
2019-10-31,13.2935
2019-11-01,12.7769
2019-11-04,12.6031
2019-11-05,12.5892
2019-11-06,12.5745
2019-11-07,12.371
2019-11-08,12.5653
2019-11-11,12.6698
2019-11-12,12.3649
2019-11-13,12.5725
2019-11-14,12.4626
2019-11-15,11.9741
2019-11-18,12.2837
2019-11-19,12.4648
2019-11-20,12.6001
2019-11-21,12.842
2019-11-22,12.7837
2019-11-25,12.4232
2019-11-26,12.0676
2019-11-27,12.1208
2019-11-28,12.5483
2019-11-29,12.5875
2019-12-02,14.0239
2019-12-03,14.7792
2019-12-04,14.1025
2019-12-05,14.3037
2019-12-06,13.6679
2019-12-09,13.9307
2019-12-10,14.1865
2019-12-11,14.1328
2019-12-12,13.5147
2019-12-13,12.6842
2019-12-16,11.857
2019-12-17,12.3181
2019-12-18,12.3527
2019-12-19,12.3441
2019-12-20,11.8917
2019-12-23,12.1172
2019-12-24,12.2376
2019-12-27,12.3221
2019-12-30,13.1165
2019-12-31,13.3076
2020-01-02,12.3154
2020-01-03,12.7928
2020-01-06,13.1974
2020-01-07,12.8567
2020-01-08,12.6516
2020-01-09,12.2457
2020-01-10,12.0385
2020-01-13,12.2782
2020-01-14,12.1702
2020-01-15,12.0305
2020-01-16,11.832
2020-01-17,11.6645
2020-01-20,11.7492
2020-01-21,11.993
2020-01-22,12.3189
2020-01-23,12.705
2020-01-24,12.1251
2020-01-27,14.3193
2020-01-28,13.4565
2020-01-29,13.1599
2020-01-30,14.3802
2020-01-31,14.7174
2020-02-03,14.0257
2020-02-04,13.0663
2020-02-05,12.5636
2020-02-06,12.0572
2020-02-07,12.4541
2020-02-10,12.5915
2020-02-11,12.2546
2020-02-12,12.1367
2020-02-13,12.5563
2020-02-14,12.509
2020-02-17,12.401
2020-02-18,12.8996
2020-02-19,12.5921
2020-02-20,12.7703
2020-02-21,14.0527
2020-02-24,17.2935
2020-02-25,19.0599
2020-02-26,18.2594
2020-02-27,21.9702
2020-02-28,24.51
2020-03-02,24.0373
2020-03-03,23.9988
2020-03-04,21.6132
2020-03-05,23.9016
2020-03-06,30.7914
2020-03-09,35.5258
2020-03-10,36.506
2020-03-11,37.2735
2020-03-12,50.4876
2020-03-13,51.1826
2020-03-16,60.1916
2020-03-17,51.1769
2020-03-18,57.2707
2020-03-19,54.7798
2020-03-20,44.9007
2020-03-23,45.7468
2020-03-24,37.5639
2020-03-25,39.9483
2020-03-26,37.2158
2020-03-27,42.0897
2020-03-30,39.6107
2020-03-31,37.5141
2020-04-01,38.1649
2020-04-02,38.7808
2020-04-03,38.1297
2020-04-06,33.9056
2020-04-07,34.8163
2020-04-08,34.9101
2020-04-09,35.1586
2020-04-14,32.0408
2020-04-15,34.47
2020-04-16,33.6396
2020-04-17,32.1472
2020-04-20,32.9206
2020-04-21,37.3793
2020-04-22,35.272
2020-04-23,33.4883
2020-04-24,33.5259
2020-04-27,29.634
2020-04-28,28.2572
2020-04-29,26.4464
2020-04-30,28.1347
2020-05-04,31.3494
2020-05-05,29.0711
2020-05-06,28.9047
2020-05-07,28.0615
2020-05-08,26.4567
2020-05-11,26.4604
2020-05-12,24.6124
2020-05-13,26.6903
2020-05-14,29.5936
2020-05-15,28.8814
2020-05-18,25.16
2020-05-19,25.6759
2020-05-20,24.6815
2020-05-21,26.0558
2020-05-22,26.3129
2020-05-25,25.0643
2020-05-26,24.2477
2020-05-27,25.1477
2020-05-28,24.6568
2020-05-29,25.5854
2020-06-01,24.7523
2020-06-02,24.4956
2020-06-03,23.7413
2020-06-04,22.8144
2020-06-05,22.1409
2020-06-08,22.4945
2020-06-09,23.7284
2020-06-10,24.5898
2020-06-11,28.0305
2020-06-12,30.6953
2020-06-15,29.8621
2020-06-16,28.5771
2020-06-17,27.9007
2020-06-18,27.829
2020-06-19,26.7293
2020-06-22,27.9006
2020-06-23,26.7109
2020-06-24,29.6158
2020-06-25,28.9413
2020-06-26,29.1071
2020-06-29,28.7972
2020-06-30,27.4291
2020-07-01,26.3424
2020-07-02,25.1631
2020-07-03,25.4063
2020-07-06,24.4694
2020-07-07,24.995
2020-07-08,25.816
2020-07-09,26.422
2020-07-10,25.9239
2020-07-13,24.7419
2020-07-14,25.9122
2020-07-15,24.6293
2020-07-16,24.3809
2020-07-17,24.0246
2020-07-20,22.8388
2020-07-21,22.0521
2020-07-22,22.74
2020-07-23,21.9857
2020-07-24,23.5592
2020-07-27,23.2745
2020-07-28,22.9065
2020-07-29,22.9583
2020-07-30,24.7209
2020-07-31,24.4689
2020-08-03,23.1044
2020-08-04,22.6512
2020-08-05,21.9522
2020-08-06,22.5869
2020-08-07,22.1408
2020-08-10,22.1087
2020-08-11,21.5075
2020-08-12,21.374
2020-08-13,21.6881
2020-08-14,22.7685
2020-08-17,22.4086
2020-08-18,22.4112
2020-08-19,21.8714
2020-08-20,22.8684
2020-08-21,22.7588
2020-08-24,22.1894
2020-08-25,22.3844
2020-08-26,21.9453
2020-08-27,22.5847
2020-08-28,24.1199
2020-08-31,24.0546
2020-09-01,25.3062
2020-09-02,24.7031
2020-09-03,26.0937
2020-09-04,27.9655
2020-09-07,25.4295
2020-09-08,25.698
2020-09-09,24.1015
2020-09-10,23.974
2020-09-11,23.3007
2020-09-14,23.0371
2020-09-15,22.6851
2020-09-16,22.805
2020-09-17,23.001
2020-09-18,23.062
2020-09-21,26.1577
2020-09-22,25.8414
2020-09-23,25.2235
2020-09-24,26.3027
2020-09-25,26.2642
2020-09-28,25.0698
2020-09-29,25.1309
2020-09-30,24.4884
2020-10-01,24.6185
2020-10-02,25.2726
2020-10-05,24.5236
2020-10-06,23.5823
2020-10-07,23.2154
2020-10-08,22.6584
2020-10-09,21.5016
2020-10-12,20.8144
2020-10-13,21.2301
2020-10-14,21.1415
2020-10-15,22.9238
2020-10-16,21.8041
2020-10-19,22.1166
2020-10-20,23.1638
2020-10-21,23.7985
2020-10-22,23.4437
2020-10-23,23.1305
2020-10-26,25.0157
2020-10-27,25.5303
2020-10-28,28.7199
2020-10-29,28.8604
2020-10-30,27.922
2020-11-02,26.5707
2020-11-03,24.7559
2020-11-04,22.3831
2020-11-05,21.8113
2020-11-06,21.7214
2020-11-09,20.7098
2020-11-10,20.7566
2020-11-11,19.8691
2020-11-12,20.2877
2020-11-13,20.2086
2020-11-16,20.2612
2020-11-17,20.0658
2020-11-18,19.3876
2020-11-19,19.9046
2020-11-20,19.3185
2020-11-23,19.6842
2020-11-24,19.0634
2020-11-25,18.7044
2020-11-26,18.2687
2020-11-27,18.1448
2020-11-30,19.1707
2020-12-01,18.8087
2020-12-02,18.82
2020-12-03,18.9638
2020-12-04,18.6345
2020-12-07,19.2261
2020-12-08,18.9176
2020-12-09,18.5673
2020-12-10,18.768
2020-12-11,20.0245
2020-12-14,19.8477
2020-12-15,19.8864
2020-12-16,19.4345
2020-12-17,19.1942
2020-12-18,19.8328
2020-12-21,22.6067
2020-12-22,21.6234
2020-12-23,20.6478
2020-12-24,20.765
2020-12-28,19.695
2020-12-29,19.9358
2020-12-30,20.014
2020-12-31,20.7421
2021-01-04,21.1564
2021-01-05,21.615
2021-01-06,19.3469
2021-01-07,18.806
2021-01-08,18.68
2021-01-11,19.5746
2021-01-12,19.3239
2021-01-13,19.2524
2021-01-14,18.677
2021-01-15,19.8507
2021-01-18,19.5283
2021-01-19,19.3753
2021-01-20,18.9549
2021-01-21,18.73
2021-01-22,19.4682
2021-01-25,21.6395
2021-01-26,20.4134
2021-01-27,22.5903
2021-01-28,22.2575
2021-01-29,23.2946
2021-02-01,23.1975
2021-02-02,20.8075
2021-02-03,20.4927
2021-02-04,19.3016
2021-02-05,18.9977
2021-02-08,18.8304
2021-02-09,19.0737
2021-02-10,19.3562
2021-02-11,19.4677
2021-02-12,19.0095
2021-02-15,18.5734
2021-02-16,18.9964
2021-02-17,19.5737
2021-02-18,19.6049
2021-02-19,18.9267
2021-02-22,19.4948
2021-02-23,19.8173
2021-02-24,19.0794
2021-02-25,19.1304
2021-02-26,20.229
2021-03-01,18.632
2021-03-02,18.6058
2021-03-03,18.7294
2021-03-04,18.9197
2021-03-05,19.5538
2021-03-08,18.1427
2021-03-09,17.7842
2021-03-10,17.6526
2021-03-11,17.4675
2021-03-12,17.6702
2021-03-15,17.8668
2021-03-16,16.7387
2021-03-17,16.9554
2021-03-18,16.634
2021-03-19,17.1491
2021-03-22,16.8183
2021-03-23,16.5015
2021-03-24,16.4656
2021-03-25,16.8815
2021-03-26,15.7775
2021-03-29,16.3246
2021-03-30,16.0941
2021-03-31,15.6779
2021-04-01,15.3167
2021-04-06,14.9118
2021-04-07,14.9341
2021-04-08,14.7347
2021-04-09,14.7966
2021-04-12,15.1084
2021-04-13,14.5496
2021-04-14,14.3872
2021-04-15,14.2734
2021-04-16,14.0795
2021-04-19,14.6568
2021-04-20,15.9926
2021-04-21,15.4483
2021-04-22,14.9036
2021-04-23,15.2294
2021-04-26,15.1575
2021-04-27,15.3199
2021-04-28,15.1601
2021-04-29,15.4842
2021-04-30,16.2465
2021-05-03,15.8696
2021-05-04,17.4124
2021-05-05,16.1736
2021-05-06,16.5822
2021-05-07,15.5553
2021-05-10,15.6325
2021-05-11,17.8612
2021-05-12,17.7074
2021-05-13,17.8269
2021-05-14,16.218
2021-05-17,16.7181
2021-05-18,16.5883
2021-05-19,18.4522
2021-05-20,17.4696
2021-05-21,16.6706
2021-05-24,16.1746
2021-05-25,15.7872
2021-05-26,15.6232
2021-05-27,15.118
2021-05-28,14.902
2021-05-31,15.6093
2021-06-01,15.4412
2021-06-02,15.1677
2021-06-03,15.3544
2021-06-04,14.9922
2021-06-07,15.0171
2021-06-08,14.9593
2021-06-09,15.0026
2021-06-10,14.8076
2021-06-11,14.1027
2021-06-14,14.1897
2021-06-15,14.6596
2021-06-16,14.39
2021-06-17,14.6347
2021-06-18,15.9802
2021-06-21,15.634
2021-06-22,15.0931
2021-06-23,15.0929
2021-06-24,14.3659
2021-06-25,14.2282
2021-06-28,14.4222
2021-06-29,14.2906
2021-06-30,14.9317
2021-07-01,14.6903
2021-07-02,14.3631
2021-07-05,14.5114
2021-07-06,15.2664
2021-07-07,15.1406
2021-07-08,16.7662
2021-07-09,15.2596
2021-07-12,15.1048
2021-07-13,15.0729
2021-07-14,15.0742
2021-07-15,16.0363
2021-07-16,16.0911
2021-07-19,18.5884
2021-07-20,17.7521
2021-07-21,16.7064
2021-07-22,16.0664
2021-07-23,15.343
2021-07-26,15.712
2021-07-27,16.4726
2021-07-28,15.9655
2021-07-29,15.6653
2021-07-30,16.1929
2021-08-02,15.8441
2021-08-03,16.0431
2021-08-04,15.5182
2021-08-05,15.3599
2021-08-06,14.9296
2021-08-09,14.9645
2021-08-10,14.8277
2021-08-11,14.6721
2021-08-12,14.3116
2021-08-13,14.2398
2021-08-16,15.1178
2021-08-17,15.0688
2021-08-18,15.2594
2021-08-19,17.0596
2021-08-20,16.2977
2021-08-23,15.2858
2021-08-24,15.2964
2021-08-25,15.3153
2021-08-26,15.8845
2021-08-27,15.1297
2021-08-30,15.1373
2021-08-31,15.4612
2021-09-01,14.7591
2021-09-02,14.6794
2021-09-03,15.0474
2021-09-06,14.9637
2021-09-07,15.5674
2021-09-08,16.3222
2021-09-09,15.7921
2021-09-10,16.4559
2021-09-13,16.7459
2021-09-14,16.906
2021-09-15,17.377
2021-09-16,17.1876
2021-09-17,18.076
2021-09-20,20.0234
2021-09-21,19.2208
2021-09-22,17.8609
2021-09-23,16.785
2021-09-24,17.2877
2021-09-27,16.8605
2021-09-28,19.0283
2021-09-29,18.4866
2021-09-30,18.3258
2021-10-01,18.6899
2021-10-04,19.3479
2021-10-05,18.0439
2021-10-06,18.8764
2021-10-07,17.3883
2021-10-08,17.2753
2021-10-11,17.3515
2021-10-12,17.5818
2021-10-13,16.8694
2021-10-14,15.918
2021-10-15,15.3467
2021-10-18,15.991
2021-10-19,15.5557
2021-10-20,15.3388
2021-10-21,15.5828
2021-10-22,15.1989
2021-10-25,15.2036
2021-10-26,14.7716
2021-10-27,15.1924
2021-10-28,15.3406
2021-10-29,15.3724
2021-11-01,15.1692
2021-11-02,14.815
2021-11-03,14.4472
2021-11-04,14.2461
2021-11-05,14.2715
2021-11-08,14.832
2021-11-09,15.3365
2021-11-10,14.9143
2021-11-11,14.7407
2021-11-12,14.4213
2021-11-15,14.664
2021-11-16,14.6804
2021-11-17,14.8432
2021-11-18,15.3746
2021-11-19,16.0534
2021-11-22,15.81
2021-11-23,16.9966
2021-11-24,17.022
2021-11-25,16.6386
2021-11-26,21.9584
2021-11-29,20.6873
2021-11-30,21.3355
2021-12-01,19.5732
2021-12-02,21.8234
2021-12-03,23.0023
2021-12-06,21.7165
2021-12-07,19.0701
2021-12-08,18.7487
2021-12-09,18.3086
2021-12-10,18.2895
2021-12-13,18.5772
2021-12-14,19.5298
2021-12-15,19.2109
2021-12-16,17.4592
2021-12-17,18.5052
2021-12-20,20.7577
2021-12-21,18.5215
2021-12-22,17.7188
2021-12-23,16.4905
2021-12-24,16.7841
2021-12-27,16.5779
2021-12-28,16.3826
2021-12-29,16.5417
2021-12-30,16.0964
2021-12-31,16.325
2022-01-03,15.9524
2022-01-04,15.5781
2022-01-05,15.4298
2022-01-06,16.6044
2022-01-07,17.2491
2022-01-10,18.2337
2022-01-11,17.1476
2022-01-12,16.3403
2022-01-13,16.5338
2022-01-14,17.6052
2022-01-17,17.1063
2022-01-18,18.1643
2022-01-19,18.4207
2022-01-20,17.7338
2022-01-21,19.717
2022-01-24,24.1001
2022-01-25,23.1053
2022-01-26,21.3467
2022-01-27,20.9846
2022-01-28,22.1503
2022-01-31,20.5893
2022-02-01,19.2304
2022-02-02,18.8159
2022-02-03,19.7897
2022-02-04,21.5008
2022-02-07,20.3631
2022-02-08,19.877
2022-02-09,18.603
2022-02-10,18.7563
2022-02-11,20.2399
2022-02-14,22.8849
2022-02-15,21.0446
2022-02-16,20.9939
2022-02-17,22.0764
2022-02-18,23.0295
2022-02-21,24.5482
2022-02-22,23.8928
2022-02-23,24.4566
2022-02-24,27.4627
2022-02-25,23.9717
2022-02-28,26.3958
2022-03-01,28.4926
2022-03-02,27.6499
2022-03-03,29.6256
2022-03-04,33.939
2022-03-07,33.8578
2022-03-08,33.1506
2022-03-09,29.9565
2022-03-10,31.7431
2022-03-11,30.1351
2022-03-14,29.3811
2022-03-15,29.8582
2022-03-16,26.7221
2022-03-17,25.6529
2022-03-18,24.52
2022-03-21,23.3424
2022-03-22,22.5514
2022-03-23,23.7885
2022-03-24,24.0863
2022-03-25,24.0624
2022-03-28,23.4953
2022-03-29,21.5667
2022-03-30,21.9552
2022-03-31,22.7965
2022-04-01,22.6556
2022-04-04,21.8149
2022-04-05,23.7578
2022-04-06,26.0883
2022-04-07,25.7071
2022-04-08,24.8267
2022-04-11,25.0348
2022-04-12,24.9062
2022-04-13,24.8143
2022-04-14,23.6102
2022-04-19,23.6324
2022-04-20,22.4557
2022-04-21,21.7784
2022-04-22,24.1255
2022-04-25,25.3059
2022-04-26,26.2883
2022-04-27,25.6668
2022-04-28,24.9131
2022-04-29,24.4437
2022-05-02,25.7629
2022-05-03,24.8841
2022-05-04,24.7432
2022-05-05,25.6575
2022-05-06,25.9802
2022-05-09,27.8278
2022-05-10,27.789
2022-05-11,25.7702
2022-05-12,26.6918
2022-05-13,24.6844
2022-05-16,24.3566
2022-05-17,23.2292
2022-05-18,23.6499
2022-05-19,24.8333
2022-05-20,24.2106
2022-05-23,23.2299
2022-05-24,24.1126
2022-05-25,23.1301
2022-05-26,22.0594
2022-05-27,21.2651
2022-05-30,20.7689
2022-05-31,21.4521
2022-06-01,21.5937
2022-06-02,20.5702
2022-06-03,20.7587
2022-06-06,19.9833
2022-06-07,20.5681
2022-06-08,20.5976
2022-06-09,20.7217
2022-06-10,22.8521
2022-06-13,25.2206
2022-06-14,25.009
2022-06-15,24.1255
2022-06-16,25.6836
2022-06-17,24.7832
2022-06-20,23.5277
2022-06-21,23.2324
2022-06-22,23.7138
2022-06-23,23.7637
2022-06-24,23.1218
2022-06-27,22.6638
2022-06-28,22.387
2022-06-29,23.4379
2022-06-30,24.7585
2022-07-01,24.3204
2022-07-04,23.995
2022-07-05,25.679
2022-07-06,25.1841
2022-07-07,24.2683
2022-07-08,23.7395
2022-07-11,24.4803
2022-07-12,24.5372
2022-07-13,24.7059
2022-07-14,26.0305
2022-07-15,24.526
2022-07-18,24.3713
2022-07-19,23.0416
2022-07-20,23.2688
2022-07-21,22.8318
2022-07-22,22.3472
2022-07-25,22.5788
2022-07-26,22.851
2022-07-27,22.0403
2022-07-28,21.186
2022-07-29,20.7741
2022-08-01,20.9543
2022-08-02,21.3055
2022-08-03,20.5686
2022-08-04,20.6421
2022-08-05,20.6094
2022-08-08,20.2327
2022-08-09,20.9125
2022-08-10,20.2139
2022-08-11,20.1113
2022-08-12,19.8289
2022-08-15,20.0321
2022-08-16,19.7719
2022-08-17,20.6562
2022-08-18,20.3203
2022-08-19,21.1761
2022-08-22,22.611
2022-08-23,22.5876
2022-08-24,21.8917
2022-08-25,21.5163
2022-08-26,22.4694
2022-08-29,23.5779
2022-08-30,23.6598
2022-08-31,23.6875
2022-09-01,24.3304
2022-09-02,22.5983
2022-09-05,23.5348
2022-09-06,23.1773
2022-09-07,23.1403
2022-09-08,22.5174
2022-09-09,22.1334
2022-09-12,21.718
2022-09-13,22.3039
2022-09-14,22.304
2022-09-15,22.8532
2022-09-16,22.9477
2022-09-19,22.7977
2022-09-20,23.5213
2022-09-21,23.411
2022-09-22,24.0581
2022-09-23,25.3907
2022-09-26,25.1554
2022-09-27,24.9762
2022-09-28,25.3901
2022-09-29,26.2954
2022-09-30,24.8634
2022-10-03,24.6571
2022-10-04,23.8099
2022-10-05,24.4261
2022-10-06,24.6706
2022-10-07,24.8473
2022-10-10,25.5068
2022-10-11,25.5681
2022-10-12,25.6707
2022-10-13,24.9869
2022-10-14,24.8022
2022-10-17,24.2767
2022-10-18,23.9524
2022-10-19,23.8937
2022-10-20,23.4358
2022-10-21,23.794
2022-10-24,23.4567
2022-10-25,22.9775
2022-10-26,22.5037
2022-10-27,21.8447
2022-10-28,21.3048
2022-10-31,21.1987
2022-11-01,21.018
2022-11-02,21.1165
2022-11-03,20.9294
2022-11-04,20.318
2022-11-07,20.0859
2022-11-08,19.799
2022-11-09,20.2174
2022-11-10,19.0595
2022-11-11,18.9619
2022-11-14,18.6018
2022-11-15,18.4929
2022-11-16,18.8776
2022-11-17,19.1161
2022-11-18,18.5132
2022-11-21,18.7737
2022-11-22,18.1762
2022-11-23,17.8741
2022-11-24,17.5858
2022-11-25,17.6458
2022-11-28,18.3519
2022-11-29,18.5062
2022-11-30,18.2539
2022-12-01,17.8412
2022-12-02,17.48
2022-12-05,17.5331
2022-12-06,17.9933
2022-12-07,18.0221
2022-12-08,18.2485
2022-12-09,18.1252
2022-12-12,18.7172
2022-12-13,17.5976
2022-12-14,17.5068
2022-12-15,18.701
2022-12-16,19.2515
2022-12-19,18.9123
2022-12-20,18.9202
2022-12-21,17.8788
2022-12-22,18.4136
2022-12-23,18.4364
2022-12-27,18.4584
2022-12-28,18.5681
2022-12-29,18.2064
2022-12-30,18.7554
2023-01-02,18.5497
2023-01-03,18.1898
2023-01-04,17.7511
2023-01-05,17.7276
2023-01-06,17.0124
2023-01-09,16.8893
2023-01-10,17.2587
2023-01-11,17.0312
2023-01-12,16.0558
2023-01-13,15.5698
2023-01-16,15.799
2023-01-17,15.8381
2023-01-18,15.709
2023-01-19,16.8557
2023-01-20,16.2712
2023-01-23,15.7359
2023-01-24,15.4415
2023-01-25,15.7764
2023-01-26,15.2696
2023-01-27,14.876
2023-01-30,15.386
2023-01-31,15.3662
2023-02-01,15.5596
2023-02-02,14.2643
2023-02-03,14.1616
2023-02-06,15.2275
2023-02-07,15.2003
2023-02-08,15.3577
2023-02-09,15.2423
2023-02-10,16.4011
2023-02-13,15.871
2023-02-14,15.3415
2023-02-15,15.1286
2023-02-16,15.1944
2023-02-17,15.6779
2023-02-20,15.8062
2023-02-21,16.2968
2023-02-22,16.5124
2023-02-23,16.0408
2023-02-24,16.9936
2023-02-27,16.3076
2023-02-28,16.0216
2023-03-01,16.3803
2023-03-02,16.1302
2023-03-03,15.4567
2023-03-06,15.0707
2023-03-07,15.2325
2023-03-08,15.302
2023-03-09,15.275
2023-03-10,17.3644
2023-03-13,18.994
2023-03-14,17.6735
2023-03-15,21.4255
2023-03-16,19.9493
2023-03-17,21.6232
2023-03-20,20.4971
2023-03-21,18.9525
2023-03-22,18.1834
2023-03-23,17.5243
2023-03-24,19.5916
2023-03-27,18.5016
2023-03-28,18.013
2023-03-29,17.3204
2023-03-30,16.7528
2023-03-31,16.5005
2023-04-03,16.4171
2023-04-04,16.3265
2023-04-05,16.9075
2023-04-06,16.6104
2023-04-11,16.0454
2023-04-12,16.0818
2023-04-13,15.3718
2023-04-14,15.1222
2023-04-17,15.3389
2023-04-18,14.9398
2023-04-19,14.8595
2023-04-20,15.305
2023-04-21,15.1707
2023-04-24,14.8049
2023-04-25,15.3253
2023-04-26,16.0329
2023-04-27,15.8662
2023-04-28,15.4359
2023-05-02,16.5656
2023-05-03,16.1079
2023-05-04,16.5291
2023-05-05,15.5394
2023-05-08,15.3279
2023-05-09,15.5836
2023-05-10,15.7515
2023-05-11,15.5211
2023-05-12,14.9514
2023-05-15,14.9121
2023-05-16,14.6952
2023-05-17,14.8188
2023-05-18,14.1292
2023-05-19,13.5181
2023-05-22,13.556
2023-05-23,14.102
2023-05-24,15.7566
2023-05-25,15.3561
2023-05-26,14.2093
2023-05-29,14.3196
2023-05-30,14.3083
2023-05-31,15.4141
2023-06-01,14.3328
2023-06-02,13.1299
2023-06-05,13.5103
2023-06-06,12.9187
2023-06-07,12.6888
2023-06-08,12.5093
2023-06-09,12.4501
2023-06-12,12.7444
2023-06-13,12.4257
2023-06-14,12.0911
2023-06-15,12.3349
2023-06-16,11.9519
2023-06-19,12.4104
2023-06-20,12.7588
2023-06-21,12.7504
2023-06-22,13.2526
2023-06-23,13.5527
2023-06-26,13.4309
2023-06-27,13.1563
2023-06-28,12.5808
2023-06-29,12.3396
2023-06-30,11.6861
2023-07-03,11.9308
2023-07-04,12.2615
2023-07-05,12.8908
2023-07-06,15.1149
2023-07-07,14.4142
2023-07-10,14.2613
2023-07-11,13.6681
2023-07-12,12.8759
2023-07-13,12.9452
2023-07-14,12.9821
2023-07-17,13.7601
2023-07-18,13.3526
2023-07-19,13.4191
2023-07-20,13.2524
2023-07-21,12.9398
2023-07-24,13.1323
2023-07-25,13.1766
2023-07-26,13.5347
2023-07-27,12.7385
2023-07-28,12.8804
2023-07-31,13.1568
2023-08-01,13.9898
2023-08-02,15.342
2023-08-03,15.6687
2023-08-04,14.8445
2023-08-07,14.8733
2023-08-08,15.7072
2023-08-09,15.05
2023-08-10,14.5321
2023-08-11,14.9993
2023-08-14,14.9513
2023-08-15,15.4356
2023-08-16,15.3193
2023-08-17,16.1796
2023-08-18,16.397
2023-08-21,16.0264
2023-08-22,15.6744
2023-08-23,15.1607
2023-08-24,15.2668
2023-08-25,15.2421
2023-08-28,14.416
2023-08-29,14.0021
2023-08-30,13.8452
2023-08-31,13.6633
2023-09-01,13.6181
2023-09-04,13.9615
2023-09-05,13.8586
2023-09-06,14.2726
2023-09-07,14.4357
2023-09-08,13.8005
2023-09-11,13.8399
2023-09-12,14.0164
2023-09-13,14.2071
2023-09-14,13.2994
2023-09-15,13.3724
2023-09-18,14.2263
2023-09-19,14.1933
2023-09-20,13.4578
2023-09-21,14.7877
2023-09-22,14.5945
2023-09-25,15.5492
2023-09-26,15.9745
2023-09-27,15.9238
2023-09-28,15.6342
2023-09-29,14.9
2023-10-02,15.8556
2023-10-03,16.7622
2023-10-04,16.9925
2023-10-05,16.6351
2023-10-06,16.2244
2023-10-09,16.9099
2023-10-10,15.6321
2023-10-11,15.2547
2023-10-12,15.1512
2023-10-13,16.5723
2023-10-16,16.2258
2023-10-17,16.1362
2023-10-18,16.8631
2023-10-19,17.3178
2023-10-20,18.0899
2023-10-23,17.2845
2023-10-24,16.5642
2023-10-25,16.5129
2023-10-26,16.9677
2023-10-27,16.7869
2023-10-30,16.7742
2023-10-31,16.1581
2023-11-01,15.5688
2023-11-02,14.8996
2023-11-03,14.3566
2023-11-06,14.0099
2023-11-07,14.1455
2023-11-08,13.7065
2023-11-09,13.4527
2023-11-10,13.5687
2023-11-13,13.4674
2023-11-14,12.7634
2023-11-15,12.7499
2023-11-16,12.8462
2023-11-17,12.4059
2023-11-20,12.2899
2023-11-21,12.5103
2023-11-22,12.181
2023-11-23,12.269
2023-11-24,12.2878
2023-11-27,12.5814
2023-11-28,12.718
2023-11-29,12.7084
2023-11-30,12.4829
2023-12-01,12.2873
2023-12-04,12.7356
2023-12-05,12.6103
2023-12-06,12.604
2023-12-07,12.7092
2023-12-08,12.1972
2023-12-11,12.3352
2023-12-12,12.1518
2023-12-13,12.3209
2023-12-14,12.1337
2023-12-15,12.0711
2023-12-18,12.3912
2023-12-19,12.3771
2023-12-20,12.494
2023-12-21,12.8963
2023-12-22,12.8174
2023-12-27,12.5845
2023-12-28,12.7158
2023-12-29,12.724
2024-01-02,13.1677
2024-01-03,13.7327
2024-01-04,13.1814
2024-01-05,13.0117
2024-01-08,12.6905
2024-01-09,12.5555
2024-01-10,12.3156
2024-01-11,12.4245
2024-01-12,12.1056
2024-01-15,12.3094
2024-01-16,12.5304
2024-01-17,13.0304
2024-01-18,12.573
2024-01-19,12.5284
2024-01-22,12.192
2024-01-23,11.8882
2024-01-24,11.6847
2024-01-25,11.8401
2024-01-26,11.9726
2024-01-29,12.1024
2024-01-30,12.1749
2024-01-31,12.3663
2024-02-01,12.6152
2024-02-02,12.4301
2024-02-05,12.3343
2024-02-06,12.1568
2024-02-07,12.1081
2024-02-08,12.109
2024-02-09,12.2231
2024-02-12,12.4014
2024-02-13,12.8639
2024-02-14,12.5515
2024-02-15,12.3737
2024-02-16,12.255
2024-02-19,12.1975
2024-02-20,12.0935
2024-02-21,12.1821
2024-02-22,11.9097
2024-02-23,11.7631
2024-02-26,11.7022
2024-02-27,11.6884
2024-02-28,11.8019
2024-02-29,11.8502
2024-03-01,11.9338
2024-03-04,12.0255
2024-03-05,12.488
2024-03-06,12.2767
2024-03-07,12.2049
2024-03-08,12.0765
2024-03-11,12.6091
2024-03-12,12.2278
2024-03-13,11.9434
2024-03-14,12.2275
2024-03-15,12.0762
2024-03-18,12.1618
2024-03-19,11.9643
2024-03-20,11.8896
2024-03-21,11.6355
2024-03-22,11.6603
2024-03-25,11.757
2024-03-26,11.7078
2024-03-27,11.803
2024-03-28,11.8309
2024-04-02,12.5978
2024-04-03,12.3137
2024-04-04,12.0365
2024-04-05,12.9716
2024-04-08,12.6779
2024-04-09,13.1042
2024-04-10,13.1019
2024-04-11,13.4865
2024-04-12,14.2843
2024-04-15,14.142
2024-04-16,14.8778
2024-04-17,14.2732
2024-04-18,14.019
2024-04-19,14.2959
2024-04-22,13.9128
2024-04-23,13.1965
2024-04-24,13.2207
2024-04-25,13.5662
2024-04-26,12.9343
2024-04-29,12.8325
2024-04-30,12.9398
2024-05-02,13.0137
2024-05-03,12.5205
2024-05-06,12.2935
2024-05-07,12.1132
2024-05-08,11.9458
2024-05-09,11.7686
2024-05-10,11.7242
2024-05-13,11.8553
2024-05-14,11.7962
2024-05-15,11.4334
2024-05-16,11.3318
2024-05-17,11.3097
2024-05-20,11.2853
2024-05-21,11.2598
2024-05-22,11.3196
2024-05-23,11.2101
2024-05-24,11.2387
2024-05-27,11.2644
2024-05-28,11.5564
2024-05-29,12.1091
2024-05-30,11.9291
2024-05-31,11.8931
2024-06-03,11.8607
2024-06-04,12.2891
2024-06-05,11.9136
2024-06-06,11.5919
2024-06-07,11.5573
2024-06-10,12.9502
2024-06-11,13.7696
2024-06-12,13.2085
2024-06-13,14.4064
2024-06-14,16.4483
2024-06-17,15.8762
2024-06-18,15.278
2024-06-19,15.3744
2024-06-20,15.2907
2024-06-21,16.4613
2024-06-24,15.9734
2024-06-25,16.3027
2024-06-26,16.7295
2024-06-27,16.8312
2024-06-28,16.6333
2024-07-01,14.6713
2024-07-02,14.84
2024-07-03,13.9613
2024-07-04,14.0163
2024-07-05,13.9198
2024-07-08,12.9313
2024-07-09,13.7768
2024-07-10,13.3732
2024-07-11,13.1712
2024-07-12,13.0256
2024-07-15,13.3813
2024-07-16,13.4802
2024-07-17,13.7312
2024-07-18,13.9221
2024-07-19,14.3823
2024-07-22,13.4787
2024-07-23,13.3327
2024-07-24,14.1224
2024-07-25,14.7189
2024-07-26,14.2461
2024-07-29,14.5733
2024-07-30,14.5694
2024-07-31,14.1049
2024-08-01,15.4483
2024-08-02,17.6353
2024-08-05,18.54
2024-08-06,17.0104
2024-08-07,15.573
2024-08-08,16.0402
2024-08-09,15.4441
2024-08-12,14.7643
2024-08-13,14.5809
2024-08-14,13.7019
2024-08-15,13.1023
2024-08-16,13.1114
2024-08-19,13.37
2024-08-20,13.7399
2024-08-21,13.4861
2024-08-22,13.5866
2024-08-23,13.1961
2024-08-26,13.2069
2024-08-27,13.2575
2024-08-28,13.3654
2024-08-29,13.2017
2024-08-30,13.1318
2024-09-02,13.1191
2024-09-03,14.0437
2024-09-04,14.7754
2024-09-05,15.0583
2024-09-06,16.0546
2024-09-09,15.4008
2024-09-10,15.4807
2024-09-11,15.4087
2024-09-12,14.6277
2024-09-13,14.1411
2024-09-16,14.3848
2024-09-17,14.121
2024-09-18,14.3953
2024-09-19,13.3988
2024-09-20,13.8173
2024-09-23,13.895
2024-09-24,13.54
2024-09-25,13.7397
2024-09-26,13.8052
2024-09-27,13.6629
2024-09-30,14.7232
2024-10-01,16.1085
2024-10-02,15.7495
2024-10-03,16.5322
2024-10-04,15.9898
2024-10-07,15.7307
2024-10-08,16.0462
2024-10-09,15.5899
2024-10-10,15.5545
2024-10-11,15.2368
2024-10-14,14.7772
2024-10-15,14.7769
2024-10-16,15.0249
2024-10-17,14.5455
2024-10-18,14.093
2024-10-21,14.5307
2024-10-22,14.4658
2024-10-23,14.7676
2024-10-24,14.8463
2024-10-25,14.6712
2024-10-28,14.3854
2024-10-29,14.5221
2024-10-30,14.935
2024-10-31,15.8622
2024-11-01,15.3411
2024-11-04,15.2555
2024-11-05,14.7796
2024-11-06,14.2797
2024-11-07,13.6015
2024-11-08,13.7019
2024-11-11,13.5022
2024-11-12,14.3952
2024-11-13,14.4367
2024-11-14,13.9798
2024-11-15,14.3751
2024-11-18,14.1698
2024-11-19,14.8657
2024-11-20,15.11
2024-11-21,15.059
2024-11-22,14.5429
2024-11-25,14.1778
2024-11-26,14.4478
2024-11-27,15.057
2024-11-28,14.6394
2024-11-29,14.3598
2024-12-02,14.8142
2024-12-03,14.6307
2024-12-04,14.5698
2024-12-05,14.3583
2024-12-06,14.045
2024-12-09,14.2175
2024-12-10,14.5387
2024-12-11,14.0019
2024-12-12,14.2935
2024-12-13,14.1441
2024-12-16,14.581
2024-12-17,14.5612
2024-12-18,14.4556
2024-12-19,15.8514
2024-12-20,15.2932
2024-12-23,14.9862
2024-12-24,14.8854
2024-12-27,14.5273
2024-12-30,14.9132
2024-12-31,14.9467
2025-01-02,14.7678
2025-01-03,15.3827
2025-01-06,14.7545
2025-01-07,14.7918
2025-01-08,15.2421
2025-01-09,15.2578
2025-01-10,16.0006
2025-01-13,15.9517
2025-01-14,15.6692
2025-01-15,14.8316
2025-01-16,14.5776
2025-01-17,14.57
2025-01-20,14.4867
2025-01-21,14.1205
2025-01-22,13.9318
2025-01-23,13.9393
2025-01-24,13.9328
2025-01-27,14.5024
2025-01-28,14.1871
2025-01-29,14.1265
2025-01-30,13.7388
2025-01-31,13.8523
2025-02-03,14.6254
2025-02-04,14.1441
2025-02-05,14.1733
2025-02-06,13.8186
2025-02-07,14.2493
2025-02-10,14.1366
2025-02-11,14.1301
2025-02-12,14.0704
2025-02-13,14.3025
2025-02-14,13.9302
2025-02-17,13.879
2025-02-18,13.79
2025-02-19,14.4604
2025-02-20,14.5959
2025-02-21,14.159
2025-02-24,14.2714
2025-02-25,14.521
2025-02-26,14.2603
2025-02-27,14.4807
2025-02-28,14.6974
2025-03-03,14.8889
2025-03-04,16.4555
2025-03-05,16.3724
2025-03-06,16.479
2025-03-07,16.3574
2025-03-10,17.0702
2025-03-11,17.6211
2025-03-12,16.2818
2025-03-13,16.2156
2025-03-14,15.8065
2025-03-17,15.5231
2025-03-18,15.5355
2025-03-19,15.3196
2025-03-20,15.3099
2025-03-21,15.6056
2025-03-24,14.976
2025-03-25,14.5256
2025-03-26,15.2611
2025-03-27,15.6491
2025-03-28,16.0842
2025-03-31,16.9722
2025-04-01,16.1977
2025-04-02,16.3673
2025-04-03,18.5756
2025-04-04,22.448
2025-04-07,27.5754
2025-04-08,23.7928
2025-04-09,28.5519
2025-04-10,23.3783
2025-04-11,26.2951
2025-04-14,21.2235
2025-04-15,19.8279
2025-04-16,20.1185
2025-04-17,20.1202
2025-04-22,20.6441
2025-04-23,19.3107
2025-04-24,18.8257
2025-04-25,18.3148
2025-04-28,17.9946
2025-04-29,17.8891
2025-04-30,18.1233
2025-05-02,16.9481
2025-05-05,16.8939
2025-05-06,17.1667
2025-05-07,17.7498
2025-05-08,17.3213
2025-05-09,17.1648
2025-05-12,15.8218
2025-05-13,14.6918
2025-05-14,15.0695
2025-05-15,15.0134
2025-05-16,14.7066
2025-05-19,14.8678
2025-05-20,14.7444
2025-05-21,14.8934
2025-05-22,15.4768
2025-05-23,17.2598
2025-05-26,16.1389
2025-05-27,15.6766
2025-05-28,15.9655
2025-05-29,15.8164
2025-05-30,15.9901
2025-06-02,16.2587
2025-06-03,15.6011
2025-06-04,15.2884
2025-06-05,15.0465
2025-06-06,14.703
2025-06-09,14.7421
2025-06-10,14.809
2025-06-11,14.7332
2025-06-12,14.9973
2025-06-13,16.0616
2025-06-16,15.4418
2025-06-17,16.042
2025-06-18,16.4489
2025-06-19,17.3866
2025-06-20,16.7441
2025-06-23,16.7932
2025-06-24,15.4033
2025-06-25,15.3531
2025-06-26,15.1702
2025-06-27,14.7217
2025-06-30,14.8391
2025-07-01,14.712
2025-07-02,14.6191
2025-07-03,14.4327
2025-07-04,15.0457
2025-07-07,14.9555
2025-07-08,14.4545
2025-07-09,14.2261
2025-07-10,14.0138
2025-07-11,14.5832
2025-07-14,14.8942
2025-07-15,14.8651
2025-07-16,15.0431
2025-07-17,14.8271
2025-07-18,14.8381
2025-07-21,14.8468
2025-07-22,15.2199
2025-07-23,15.132
2025-07-24,14.7833
2025-07-25,14.7613
2025-07-28,14.5185
2025-07-29,14.3262
2025-07-30,14.2758
2025-07-31,14.7067
2025-08-01,16.4928
2025-08-04,15.7125
2025-08-05,15.6694
2025-08-06,15.3551
2025-08-07,15.0307
2025-08-08,14.6554
2025-08-11,14.856
2025-08-12,14.2961
2025-08-13,14.078
2025-08-14,13.9656
2025-08-15,14.0462
2025-08-18,14.3663
2025-08-19,14.0494
2025-08-20,14.4992
2025-08-21,14.5645
2025-08-22,13.8364
2025-08-25,14.8907
2025-08-26,16.5083
2025-08-27,16.4078
2025-08-28,16.2962
2025-08-29,16.2494
2025-09-01,16.2973
2025-09-02,17.1034
2025-09-03,16.2775
2025-09-04,15.6867
2025-09-05,15.9869
2025-09-08,15.3237
2025-09-09,15.0138
2025-09-10,15.0861
2025-09-11,14.6602
2025-09-12,14.4553
2025-09-15,14.3967
2025-09-16,15.0473
2025-09-17,15.1012
2025-09-18,14.5259
2025-09-19,14.3837
2025-09-22,14.9445
2025-09-23,14.8947
2025-09-24,15.0087
2025-09-25,15.3606
2025-09-26,15.1569
2025-09-29,15.0168
2025-09-30,15.047
2025-10-01,14.9351
2025-10-02,15.1347
2025-10-03,15.0119
2025-10-06,16.3963
2025-10-07,16.8693
2025-10-08,16.6121
2025-10-09,16.4136
2025-10-10,17.3407
2025-10-13,17.5087
2025-10-14,17.1511
2025-10-15,16.6296
2025-10-16,16.3672
2025-10-17,16.8781
2025-10-20,15.1754
2025-10-21,14.8863
2025-10-22,15.174
2025-10-23,15.0984
2025-10-24,14.8618
2025-10-27,14.7851
2025-10-28,14.9178
2025-10-29,15.1019
2025-10-30,15.2611
2025-10-31,15.5765
2025-11-03,15.5731
2025-11-04,15.7196
2025-11-05,15.3538
2025-11-06,15.9388
2025-11-07,16.4679
2025-11-10,15.1413
2025-11-11,14.9123
2025-11-12,15.0027
2025-11-13,15.4158
2025-11-14,15.8027
2025-11-17,16.2001
2025-11-18,17.5266
2025-11-19,17.0255
2025-11-20,16.3944
2025-11-21,17.6049
2025-11-24,16.0329
2025-11-25,15.3982
2025-11-26,14.8335
2025-11-27,14.776
2025-11-28,14.5503
2025-12-01,14.5179
2025-12-02,14.4634
2025-12-03,14.3722
2025-12-04,14.0445
2025-12-05,13.9464
2025-12-08,14.0995
2025-12-09,14.3403
2025-12-10,14.408
2025-12-11,14.0027
2025-12-12,14.4185
2025-12-15,14.0259
2025-12-16,14.1613
2025-12-17,14.4613
2025-12-18,14.3498
2025-12-19,13.8584
2025-12-22,13.607
2025-12-23,13.5275
2025-12-24,14.2494
2025-12-29,13.9457
2025-12-30,13.7088
2025-12-31,13.967
2026-01-02,14.0766
2026-01-05,14.2146
2026-01-06,14.0551
2026-01-07,14.1931
2026-01-08,14.2721
2026-01-09,14.115
2026-01-12,14.7312
2026-01-13,14.8188
2026-01-14,15.4234
2026-01-15,14.9168
2026-01-16,15.4217
2026-01-19,16.8459
2026-01-20,16.5905
2026-01-21,15.8738
2026-01-22,15.0784
2026-01-23,15.0243
2026-01-26,15.0821
2026-01-27,14.9558
2026-01-28,15.3122
2026-01-29,16.0899
2026-01-30,15.4708
2026-02-02,15.1094
2026-02-03,15.2235
2026-02-04,15.4228
2026-02-05,16.602
2026-02-06,15.2219
2026-02-09,14.7538
2026-02-10,14.6354
2026-02-11,14.5915
2026-02-12,15.1895
2026-02-13,15.4703
2026-02-16,15.5864
2026-02-17,15.1749
2026-02-18,14.9762
2026-02-19,15.5364
2026-02-20,14.905
2026-02-23,15.6112
2026-02-24,15.2329
2026-02-25,14.7866
2026-02-26,14.9703
2026-02-27,15.0254
2026-03-02,16.1383
2026-03-03,19.227
2026-03-04,17.0303
2026-03-05,18.7761
2026-03-06,19.6576
2026-03-09,20.1643
2026-03-10,18.7866
2026-03-11,20.1973
2026-03-12,20.781
2026-03-13,21.097
2026-03-16,19.8836
2026-03-17,19.4748
2026-03-18,20.3762
2026-03-19,21.3292
2026-03-20,22.4032
2026-03-23,22.1172
2026-03-24,22.3707
2026-03-25,22.0195
2026-03-26,21.9666
2026-03-27,24.0533
2026-03-30,23.4715
2026-03-31,22.004
2026-04-01,20.1696
2026-04-02,21.8303
2026-04-07,20.8503
2026-04-08,17.6313
